Country Name,Country Code,Time,Time Code, ,Getting electricity: Price of electricity (US cents per kWh) (DB16-20 methodology) [IC.ELC.PRI.KH.DB1619]
,,,,Scale (Precision),Unit (0.0)
Afghanistan,AFG,2004,YR2004,,
Afghanistan,AFG,2005,YR2005,,
Afghanistan,AFG,2006,YR2006,,
Afghanistan,AFG,2007,YR2007,,
Afghanistan,AFG,2008,YR2008,,
Afghanistan,AFG,2009,YR2009,,
Afghanistan,AFG,2010,YR2010,,
Afghanistan,AFG,2011,YR2011,,
Afghanistan,AFG,2012,YR2012,,
Afghanistan,AFG,2013,YR2013,,
Afghanistan,AFG,2014,YR2014,,23.3
Afghanistan,AFG,2015,YR2015,,22.0
Afghanistan,AFG,2016,YR2016,,20.9
Afghanistan,AFG,2017,YR2017,,18.6
Afghanistan,AFG,2018,YR2018,,17.6
Afghanistan,AFG,2019,YR2019,,18.0
Albania,ALB,2004,YR2004,,
Albania,ALB,2005,YR2005,,
Albania,ALB,2006,YR2006,,
Albania,ALB,2007,YR2007,,
Albania,ALB,2008,YR2008,,
Albania,ALB,2009,YR2009,,
Albania,ALB,2010,YR2010,,
Albania,ALB,2011,YR2011,,
Albania,ALB,2012,YR2012,,
Albania,ALB,2013,YR2013,,
Albania,ALB,2014,YR2014,,9.5
Albania,ALB,2015,YR2015,,10.2
Albania,ALB,2016,YR2016,,9.6
Albania,ALB,2017,YR2017,,9.1
Albania,ALB,2018,YR2018,,8.7
Albania,ALB,2019,YR2019,,9.4
Algeria,DZA,2004,YR2004,,
Algeria,DZA,2005,YR2005,,
Algeria,DZA,2006,YR2006,,
Algeria,DZA,2007,YR2007,,
Algeria,DZA,2008,YR2008,,
Algeria,DZA,2009,YR2009,,
Algeria,DZA,2010,YR2010,,
Algeria,DZA,2011,YR2011,,
Algeria,DZA,2012,YR2012,,
Algeria,DZA,2013,YR2013,,
Algeria,DZA,2014,YR2014,,2.7
Algeria,DZA,2015,YR2015,,2.7
Algeria,DZA,2016,YR2016,,3.0
Algeria,DZA,2017,YR2017,,2.6
Algeria,DZA,2018,YR2018,,2.2
Algeria,DZA,2019,YR2019,,2.1
Angola,AGO,2004,YR2004,,
Angola,AGO,2005,YR2005,,
Angola,AGO,2006,YR2006,,
Angola,AGO,2007,YR2007,,
Angola,AGO,2008,YR2008,,
Angola,AGO,2009,YR2009,,
Angola,AGO,2010,YR2010,,
Angola,AGO,2011,YR2011,,
Angola,AGO,2012,YR2012,,
Angola,AGO,2013,YR2013,,
Angola,AGO,2014,YR2014,,4.7
Angola,AGO,2015,YR2015,,4.6
Angola,AGO,2016,YR2016,,8.8
Angola,AGO,2017,YR2017,,6.0
Angola,AGO,2018,YR2018,,4.6
Angola,AGO,2019,YR2019,,3.7
Antigua and Barbuda,ATG,2004,YR2004,,
Antigua and Barbuda,ATG,2005,YR2005,,
Antigua and Barbuda,ATG,2006,YR2006,,
Antigua and Barbuda,ATG,2007,YR2007,,
Antigua and Barbuda,ATG,2008,YR2008,,
Antigua and Barbuda,ATG,2009,YR2009,,
Antigua and Barbuda,ATG,2010,YR2010,,
Antigua and Barbuda,ATG,2011,YR2011,,
Antigua and Barbuda,ATG,2012,YR2012,,
Antigua and Barbuda,ATG,2013,YR2013,,
Antigua and Barbuda,ATG,2014,YR2014,,50.7
Antigua and Barbuda,ATG,2015,YR2015,,44.5
Antigua and Barbuda,ATG,2016,YR2016,,44.2
Antigua and Barbuda,ATG,2017,YR2017,,43.2
Antigua and Barbuda,ATG,2018,YR2018,,43.7
Antigua and Barbuda,ATG,2019,YR2019,,44.9
Argentina,ARG,2004,YR2004,,
Argentina,ARG,2005,YR2005,,
Argentina,ARG,2006,YR2006,,
Argentina,ARG,2007,YR2007,,
Argentina,ARG,2008,YR2008,,
Argentina,ARG,2009,YR2009,,
Argentina,ARG,2010,YR2010,,
Argentina,ARG,2011,YR2011,,
Argentina,ARG,2012,YR2012,,
Argentina,ARG,2013,YR2013,,
Argentina,ARG,2014,YR2014,,9.4
Argentina,ARG,2015,YR2015,,7.0
Argentina,ARG,2016,YR2016,,8.8
Argentina,ARG,2017,YR2017,,10.6
Argentina,ARG,2018,YR2018,,15.5
Argentina,ARG,2019,YR2019,,10.8
Armenia,ARM,2004,YR2004,,
Armenia,ARM,2005,YR2005,,
Armenia,ARM,2006,YR2006,,
Armenia,ARM,2007,YR2007,,
Armenia,ARM,2008,YR2008,,
Armenia,ARM,2009,YR2009,,
Armenia,ARM,2010,YR2010,,
Armenia,ARM,2011,YR2011,,
Armenia,ARM,2012,YR2012,,
Armenia,ARM,2013,YR2013,,
Armenia,ARM,2014,YR2014,,8.0
Armenia,ARM,2015,YR2015,,8.3
Armenia,ARM,2016,YR2016,,9.1
Armenia,ARM,2017,YR2017,,8.0
Armenia,ARM,2018,YR2018,,7.6
Armenia,ARM,2019,YR2019,,7.7
Australia,AUS,2004,YR2004,,
Australia,AUS,2005,YR2005,,
Australia,AUS,2006,YR2006,,
Australia,AUS,2007,YR2007,,
Australia,AUS,2008,YR2008,,
Australia,AUS,2009,YR2009,,
Australia,AUS,2010,YR2010,,
Australia,AUS,2011,YR2011,,
Australia,AUS,2012,YR2012,,
Australia,AUS,2013,YR2013,,
Australia,AUS,2014,YR2014,,22.2
Australia,AUS,2015,YR2015,,21.4
Australia,AUS,2016,YR2016,,19.3
Australia,AUS,2017,YR2017,,17.2
Australia,AUS,2018,YR2018,,23.1
Australia,AUS,2019,YR2019,,20.4
Austria,AUT,2004,YR2004,,
Austria,AUT,2005,YR2005,,
Austria,AUT,2006,YR2006,,
Austria,AUT,2007,YR2007,,
Austria,AUT,2008,YR2008,,
Austria,AUT,2009,YR2009,,
Austria,AUT,2010,YR2010,,
Austria,AUT,2011,YR2011,,
Austria,AUT,2012,YR2012,,
Austria,AUT,2013,YR2013,,
Austria,AUT,2014,YR2014,,11.6
Austria,AUT,2015,YR2015,,11.3
Austria,AUT,2016,YR2016,,9.5
Austria,AUT,2017,YR2017,,8.9
Austria,AUT,2018,YR2018,,9.8
Austria,AUT,2019,YR2019,,10.2
Azerbaijan,AZE,2004,YR2004,,
Azerbaijan,AZE,2005,YR2005,,
Azerbaijan,AZE,2006,YR2006,,
Azerbaijan,AZE,2007,YR2007,,
Azerbaijan,AZE,2008,YR2008,,
Azerbaijan,AZE,2009,YR2009,,
Azerbaijan,AZE,2010,YR2010,,
Azerbaijan,AZE,2011,YR2011,,
Azerbaijan,AZE,2012,YR2012,,
Azerbaijan,AZE,2013,YR2013,,
Azerbaijan,AZE,2014,YR2014,,7.6
Azerbaijan,AZE,2015,YR2015,,7.6
Azerbaijan,AZE,2016,YR2016,,5.9
Azerbaijan,AZE,2017,YR2017,,6.1
Azerbaijan,AZE,2018,YR2018,,5.4
Azerbaijan,AZE,2019,YR2019,,4.8
"Bahamas, The",BHS,2004,YR2004,,
"Bahamas, The",BHS,2005,YR2005,,
"Bahamas, The",BHS,2006,YR2006,,
"Bahamas, The",BHS,2007,YR2007,,
"Bahamas, The",BHS,2008,YR2008,,
"Bahamas, The",BHS,2009,YR2009,,
"Bahamas, The",BHS,2010,YR2010,,
"Bahamas, The",BHS,2011,YR2011,,
"Bahamas, The",BHS,2012,YR2012,,
"Bahamas, The",BHS,2013,YR2013,,
"Bahamas, The",BHS,2014,YR2014,,39.9
"Bahamas, The",BHS,2015,YR2015,,39.4
"Bahamas, The",BHS,2016,YR2016,,23.9
"Bahamas, The",BHS,2017,YR2017,,27.7
"Bahamas, The",BHS,2018,YR2018,,27.6
"Bahamas, The",BHS,2019,YR2019,,28.5
Bahrain,BHR,2004,YR2004,,
Bahrain,BHR,2005,YR2005,,
Bahrain,BHR,2006,YR2006,,
Bahrain,BHR,2007,YR2007,,
Bahrain,BHR,2008,YR2008,,
Bahrain,BHR,2009,YR2009,,
Bahrain,BHR,2010,YR2010,,
Bahrain,BHR,2011,YR2011,,
Bahrain,BHR,2012,YR2012,,
Bahrain,BHR,2013,YR2013,,
Bahrain,BHR,2014,YR2014,,4.2
Bahrain,BHR,2015,YR2015,,4.3
Bahrain,BHR,2016,YR2016,,5.3
Bahrain,BHR,2017,YR2017,,5.1
Bahrain,BHR,2018,YR2018,,4.8
Bahrain,BHR,2019,YR2019,,6.0
Bangladesh,BGD,2004,YR2004,,
Bangladesh,BGD,2005,YR2005,,
Bangladesh,BGD,2006,YR2006,,
Bangladesh,BGD,2007,YR2007,,
Bangladesh,BGD,2008,YR2008,,
Bangladesh,BGD,2009,YR2009,,
Bangladesh,BGD,2010,YR2010,,
Bangladesh,BGD,2011,YR2011,,
Bangladesh,BGD,2012,YR2012,,
Bangladesh,BGD,2013,YR2013,,
Bangladesh,BGD,2014,YR2014,,9.3
Bangladesh,BGD,2015,YR2015,,9.0
Bangladesh,BGD,2016,YR2016,,9.3
Bangladesh,BGD,2017,YR2017,,9.2
Bangladesh,BGD,2018,YR2018,,9.2
Bangladesh,BGD,2019,YR2019,,9.7
Barbados,BRB,2004,YR2004,,
Barbados,BRB,2005,YR2005,,
Barbados,BRB,2006,YR2006,,
Barbados,BRB,2007,YR2007,,
Barbados,BRB,2008,YR2008,,
Barbados,BRB,2009,YR2009,,
Barbados,BRB,2010,YR2010,,
Barbados,BRB,2011,YR2011,,
Barbados,BRB,2012,YR2012,,
Barbados,BRB,2013,YR2013,,
Barbados,BRB,2014,YR2014,,30.9
Barbados,BRB,2015,YR2015,,22.0
Barbados,BRB,2016,YR2016,,18.2
Barbados,BRB,2017,YR2017,,24.5
Barbados,BRB,2018,YR2018,,25.8
Barbados,BRB,2019,YR2019,,26.6
Belarus,BLR,2004,YR2004,,
Belarus,BLR,2005,YR2005,,
Belarus,BLR,2006,YR2006,,
Belarus,BLR,2007,YR2007,,
Belarus,BLR,2008,YR2008,,
Belarus,BLR,2009,YR2009,,
Belarus,BLR,2010,YR2010,,
Belarus,BLR,2011,YR2011,,
Belarus,BLR,2012,YR2012,,
Belarus,BLR,2013,YR2013,,
Belarus,BLR,2014,YR2014,,14.6
Belarus,BLR,2015,YR2015,,20.2
Belarus,BLR,2016,YR2016,,23.8
Belarus,BLR,2017,YR2017,,17.1
Belarus,BLR,2018,YR2018,,11.7
Belarus,BLR,2019,YR2019,,14.7
Belgium,BEL,2004,YR2004,,
Belgium,BEL,2005,YR2005,,
Belgium,BEL,2006,YR2006,,
Belgium,BEL,2007,YR2007,,
Belgium,BEL,2008,YR2008,,
Belgium,BEL,2009,YR2009,,
Belgium,BEL,2010,YR2010,,
Belgium,BEL,2011,YR2011,,
Belgium,BEL,2012,YR2012,,
Belgium,BEL,2013,YR2013,,
Belgium,BEL,2014,YR2014,,19.5
Belgium,BEL,2015,YR2015,,19.2
Belgium,BEL,2016,YR2016,,16.9
Belgium,BEL,2017,YR2017,,16.7
Belgium,BEL,2018,YR2018,,15.8
Belgium,BEL,2019,YR2019,,16.7
Belize,BLZ,2004,YR2004,,
Belize,BLZ,2005,YR2005,,
Belize,BLZ,2006,YR2006,,
Belize,BLZ,2007,YR2007,,
Belize,BLZ,2008,YR2008,,
Belize,BLZ,2009,YR2009,,
Belize,BLZ,2010,YR2010,,
Belize,BLZ,2011,YR2011,,
Belize,BLZ,2012,YR2012,,
Belize,BLZ,2013,YR2013,,
Belize,BLZ,2014,YR2014,,22.6
Belize,BLZ,2015,YR2015,,22.3
Belize,BLZ,2016,YR2016,,19.5
Belize,BLZ,2017,YR2017,,19.4
Belize,BLZ,2018,YR2018,,19.5
Belize,BLZ,2019,YR2019,,22.6
Benin,BEN,2004,YR2004,,
Benin,BEN,2005,YR2005,,
Benin,BEN,2006,YR2006,,
Benin,BEN,2007,YR2007,,
Benin,BEN,2008,YR2008,,
Benin,BEN,2009,YR2009,,
Benin,BEN,2010,YR2010,,
Benin,BEN,2011,YR2011,,
Benin,BEN,2012,YR2012,,
Benin,BEN,2013,YR2013,,
Benin,BEN,2014,YR2014,,23.2
Benin,BEN,2015,YR2015,,23.1
Benin,BEN,2016,YR2016,,22.8
Benin,BEN,2017,YR2017,,20.7
Benin,BEN,2018,YR2018,,19.6
Benin,BEN,2019,YR2019,,20.7
Bhutan,BTN,2004,YR2004,,
Bhutan,BTN,2005,YR2005,,
Bhutan,BTN,2006,YR2006,,
Bhutan,BTN,2007,YR2007,,
Bhutan,BTN,2008,YR2008,,
Bhutan,BTN,2009,YR2009,,
Bhutan,BTN,2010,YR2010,,
Bhutan,BTN,2011,YR2011,,
Bhutan,BTN,2012,YR2012,,
Bhutan,BTN,2013,YR2013,,
Bhutan,BTN,2014,YR2014,,4.6
Bhutan,BTN,2015,YR2015,,5.0
Bhutan,BTN,2016,YR2016,,5.7
Bhutan,BTN,2017,YR2017,,5.5
Bhutan,BTN,2018,YR2018,,5.4
Bhutan,BTN,2019,YR2019,,5.9
Bolivia,BOL,2004,YR2004,,
Bolivia,BOL,2005,YR2005,,
Bolivia,BOL,2006,YR2006,,
Bolivia,BOL,2007,YR2007,,
Bolivia,BOL,2008,YR2008,,
Bolivia,BOL,2009,YR2009,,
Bolivia,BOL,2010,YR2010,,
Bolivia,BOL,2011,YR2011,,
Bolivia,BOL,2012,YR2012,,
Bolivia,BOL,2013,YR2013,,
Bolivia,BOL,2014,YR2014,,14.0
Bolivia,BOL,2015,YR2015,,15.2
Bolivia,BOL,2016,YR2016,,17.8
Bolivia,BOL,2017,YR2017,,18.1
Bolivia,BOL,2018,YR2018,,17.0
Bolivia,BOL,2019,YR2019,,17.5
Bosnia and Herzegovina,BIH,2004,YR2004,,
Bosnia and Herzegovina,BIH,2005,YR2005,,
Bosnia and Herzegovina,BIH,2006,YR2006,,
Bosnia and Herzegovina,BIH,2007,YR2007,,
Bosnia and Herzegovina,BIH,2008,YR2008,,
Bosnia and Herzegovina,BIH,2009,YR2009,,
Bosnia and Herzegovina,BIH,2010,YR2010,,
Bosnia and Herzegovina,BIH,2011,YR2011,,
Bosnia and Herzegovina,BIH,2012,YR2012,,
Bosnia and Herzegovina,BIH,2013,YR2013,,
Bosnia and Herzegovina,BIH,2014,YR2014,,13.7
Bosnia and Herzegovina,BIH,2015,YR2015,,14.0
Bosnia and Herzegovina,BIH,2016,YR2016,,11.8
Bosnia and Herzegovina,BIH,2017,YR2017,,13.6
Bosnia and Herzegovina,BIH,2018,YR2018,,16.2
Bosnia and Herzegovina,BIH,2019,YR2019,,11.6
Botswana,BWA,2004,YR2004,,
Botswana,BWA,2005,YR2005,,
Botswana,BWA,2006,YR2006,,
Botswana,BWA,2007,YR2007,,
Botswana,BWA,2008,YR2008,,
Botswana,BWA,2009,YR2009,,
Botswana,BWA,2010,YR2010,,
Botswana,BWA,2011,YR2011,,
Botswana,BWA,2012,YR2012,,
Botswana,BWA,2013,YR2013,,
Botswana,BWA,2014,YR2014,,15.7
Botswana,BWA,2015,YR2015,,14.0
Botswana,BWA,2016,YR2016,,11.8
Botswana,BWA,2017,YR2017,,13.2
Botswana,BWA,2018,YR2018,,14.4
Botswana,BWA,2019,YR2019,,16.3
Brazil,BRA,2004,YR2004,,
Brazil,BRA,2005,YR2005,,
Brazil,BRA,2006,YR2006,,
Brazil,BRA,2007,YR2007,,
Brazil,BRA,2008,YR2008,,
Brazil,BRA,2009,YR2009,,
Brazil,BRA,2010,YR2010,,
Brazil,BRA,2011,YR2011,,
Brazil,BRA,2012,YR2012,,
Brazil,BRA,2013,YR2013,,
Brazil,BRA,2014,YR2014,,12.3
Brazil,BRA,2015,YR2015,,15.7
Brazil,BRA,2016,YR2016,,18.2
Brazil,BRA,2017,YR2017,,15.4
Brazil,BRA,2018,YR2018,,16.3
Brazil,BRA,2019,YR2019,,17.5
Brunei Darussalam,BRN,2004,YR2004,,
Brunei Darussalam,BRN,2005,YR2005,,
Brunei Darussalam,BRN,2006,YR2006,,
Brunei Darussalam,BRN,2007,YR2007,,
Brunei Darussalam,BRN,2008,YR2008,,
Brunei Darussalam,BRN,2009,YR2009,,
Brunei Darussalam,BRN,2010,YR2010,,
Brunei Darussalam,BRN,2011,YR2011,,
Brunei Darussalam,BRN,2012,YR2012,,
Brunei Darussalam,BRN,2013,YR2013,,
Brunei Darussalam,BRN,2014,YR2014,,6.0
Brunei Darussalam,BRN,2015,YR2015,,5.7
Brunei Darussalam,BRN,2016,YR2016,,5.3
Brunei Darussalam,BRN,2017,YR2017,,5.2
Brunei Darussalam,BRN,2018,YR2018,,5.2
Brunei Darussalam,BRN,2019,YR2019,,5.0
Bulgaria,BGR,2004,YR2004,,
Bulgaria,BGR,2005,YR2005,,
Bulgaria,BGR,2006,YR2006,,
Bulgaria,BGR,2007,YR2007,,
Bulgaria,BGR,2008,YR2008,,
Bulgaria,BGR,2009,YR2009,,
Bulgaria,BGR,2010,YR2010,,
Bulgaria,BGR,2011,YR2011,,
Bulgaria,BGR,2012,YR2012,,
Bulgaria,BGR,2013,YR2013,,
Bulgaria,BGR,2014,YR2014,,10.0
Bulgaria,BGR,2015,YR2015,,12.8
Bulgaria,BGR,2016,YR2016,,9.7
Bulgaria,BGR,2017,YR2017,,9.0
Bulgaria,BGR,2018,YR2018,,12.4
Bulgaria,BGR,2019,YR2019,,10.7
Burkina Faso,BFA,2004,YR2004,,
Burkina Faso,BFA,2005,YR2005,,
Burkina Faso,BFA,2006,YR2006,,
Burkina Faso,BFA,2007,YR2007,,
Burkina Faso,BFA,2008,YR2008,,
Burkina Faso,BFA,2009,YR2009,,
Burkina Faso,BFA,2010,YR2010,,
Burkina Faso,BFA,2011,YR2011,,
Burkina Faso,BFA,2012,YR2012,,
Burkina Faso,BFA,2013,YR2013,,
Burkina Faso,BFA,2014,YR2014,,29.4
Burkina Faso,BFA,2015,YR2015,,28.8
Burkina Faso,BFA,2016,YR2016,,26.4
Burkina Faso,BFA,2017,YR2017,,24.2
Burkina Faso,BFA,2018,YR2018,,22.9
Burkina Faso,BFA,2019,YR2019,,23.8
Burundi,BDI,2004,YR2004,,
Burundi,BDI,2005,YR2005,,
Burundi,BDI,2006,YR2006,,
Burundi,BDI,2007,YR2007,,
Burundi,BDI,2008,YR2008,,
Burundi,BDI,2009,YR2009,,
Burundi,BDI,2010,YR2010,,
Burundi,BDI,2011,YR2011,,
Burundi,BDI,2012,YR2012,,
Burundi,BDI,2013,YR2013,,
Burundi,BDI,2014,YR2014,,11.7
Burundi,BDI,2015,YR2015,,11.3
Burundi,BDI,2016,YR2016,,11.3
Burundi,BDI,2017,YR2017,,11.1
Burundi,BDI,2018,YR2018,,15.7
Burundi,BDI,2019,YR2019,,17.3
Cabo Verde,CPV,2004,YR2004,,
Cabo Verde,CPV,2005,YR2005,,
Cabo Verde,CPV,2006,YR2006,,
Cabo Verde,CPV,2007,YR2007,,
Cabo Verde,CPV,2008,YR2008,,
Cabo Verde,CPV,2009,YR2009,,
Cabo Verde,CPV,2010,YR2010,,
Cabo Verde,CPV,2011,YR2011,,
Cabo Verde,CPV,2012,YR2012,,
Cabo Verde,CPV,2013,YR2013,,
Cabo Verde,CPV,2014,YR2014,,35.0
Cabo Verde,CPV,2015,YR2015,,35.2
Cabo Verde,CPV,2016,YR2016,,32.5
Cabo Verde,CPV,2017,YR2017,,25.1
Cabo Verde,CPV,2018,YR2018,,28.9
Cabo Verde,CPV,2019,YR2019,,26.3
Cambodia,KHM,2004,YR2004,,
Cambodia,KHM,2005,YR2005,,
Cambodia,KHM,2006,YR2006,,
Cambodia,KHM,2007,YR2007,,
Cambodia,KHM,2008,YR2008,,
Cambodia,KHM,2009,YR2009,,
Cambodia,KHM,2010,YR2010,,
Cambodia,KHM,2011,YR2011,,
Cambodia,KHM,2012,YR2012,,
Cambodia,KHM,2013,YR2013,,
Cambodia,KHM,2014,YR2014,,19.1
Cambodia,KHM,2015,YR2015,,18.7
Cambodia,KHM,2016,YR2016,,17.8
Cambodia,KHM,2017,YR2017,,17.5
Cambodia,KHM,2018,YR2018,,18.0
Cambodia,KHM,2019,YR2019,,18.2
Cameroon,CMR,2004,YR2004,,
Cameroon,CMR,2005,YR2005,,
Cameroon,CMR,2006,YR2006,,
Cameroon,CMR,2007,YR2007,,
Cameroon,CMR,2008,YR2008,,
Cameroon,CMR,2009,YR2009,,
Cameroon,CMR,2010,YR2010,,
Cameroon,CMR,2011,YR2011,,
Cameroon,CMR,2012,YR2012,,
Cameroon,CMR,2013,YR2013,,
Cameroon,CMR,2014,YR2014,,22.3
Cameroon,CMR,2015,YR2015,,21.8
Cameroon,CMR,2016,YR2016,,15.7
Cameroon,CMR,2017,YR2017,,17.1
Cameroon,CMR,2018,YR2018,,14.1
Cameroon,CMR,2019,YR2019,,17.0
Canada,CAN,2004,YR2004,,
Canada,CAN,2005,YR2005,,
Canada,CAN,2006,YR2006,,
Canada,CAN,2007,YR2007,,
Canada,CAN,2008,YR2008,,
Canada,CAN,2009,YR2009,,
Canada,CAN,2010,YR2010,,
Canada,CAN,2011,YR2011,,
Canada,CAN,2012,YR2012,,
Canada,CAN,2013,YR2013,,
Canada,CAN,2014,YR2014,,12.9
Canada,CAN,2015,YR2015,,12.6
Canada,CAN,2016,YR2016,,15.5
Canada,CAN,2017,YR2017,,14.2
Canada,CAN,2018,YR2018,,13.3
Canada,CAN,2019,YR2019,,12.3
Central African Republic,CAF,2004,YR2004,,
Central African Republic,CAF,2005,YR2005,,
Central African Republic,CAF,2006,YR2006,,
Central African Republic,CAF,2007,YR2007,,
Central African Republic,CAF,2008,YR2008,,
Central African Republic,CAF,2009,YR2009,,
Central African Republic,CAF,2010,YR2010,,
Central African Republic,CAF,2011,YR2011,,
Central African Republic,CAF,2012,YR2012,,
Central African Republic,CAF,2013,YR2013,,
Central African Republic,CAF,2014,YR2014,,12.0
Central African Republic,CAF,2015,YR2015,,11.1
Central African Republic,CAF,2016,YR2016,,11.0
Central African Republic,CAF,2017,YR2017,,10.2
Central African Republic,CAF,2018,YR2018,,9.8
Central African Republic,CAF,2019,YR2019,,10.5
Chad,TCD,2004,YR2004,,
Chad,TCD,2005,YR2005,,
Chad,TCD,2006,YR2006,,
Chad,TCD,2007,YR2007,,
Chad,TCD,2008,YR2008,,
Chad,TCD,2009,YR2009,,
Chad,TCD,2010,YR2010,,
Chad,TCD,2011,YR2011,,
Chad,TCD,2012,YR2012,,
Chad,TCD,2013,YR2013,,
Chad,TCD,2014,YR2014,,25.7
Chad,TCD,2015,YR2015,,25.4
Chad,TCD,2016,YR2016,,24.7
Chad,TCD,2017,YR2017,,23.2
Chad,TCD,2018,YR2018,,20.5
Chad,TCD,2019,YR2019,,21.2
Chile,CHL,2004,YR2004,,
Chile,CHL,2005,YR2005,,
Chile,CHL,2006,YR2006,,
Chile,CHL,2007,YR2007,,
Chile,CHL,2008,YR2008,,
Chile,CHL,2009,YR2009,,
Chile,CHL,2010,YR2010,,
Chile,CHL,2011,YR2011,,
Chile,CHL,2012,YR2012,,
Chile,CHL,2013,YR2013,,
Chile,CHL,2014,YR2014,,9.8
Chile,CHL,2015,YR2015,,10.1
Chile,CHL,2016,YR2016,,10.5
Chile,CHL,2017,YR2017,,9.9
Chile,CHL,2018,YR2018,,9.7
Chile,CHL,2019,YR2019,,10.2
China,CHN,2004,YR2004,,
China,CHN,2005,YR2005,,
China,CHN,2006,YR2006,,
China,CHN,2007,YR2007,,
China,CHN,2008,YR2008,,
China,CHN,2009,YR2009,,
China,CHN,2010,YR2010,,
China,CHN,2011,YR2011,,
China,CHN,2012,YR2012,,
China,CHN,2013,YR2013,,
China,CHN,2014,YR2014,,14.3
China,CHN,2015,YR2015,,14.5
China,CHN,2016,YR2016,,14.3
China,CHN,2017,YR2017,,15.4
China,CHN,2018,YR2018,,15.5
China,CHN,2019,YR2019,,14.6
Colombia,COL,2004,YR2004,,
Colombia,COL,2005,YR2005,,
Colombia,COL,2006,YR2006,,
Colombia,COL,2007,YR2007,,
Colombia,COL,2008,YR2008,,
Colombia,COL,2009,YR2009,,
Colombia,COL,2010,YR2010,,
Colombia,COL,2011,YR2011,,
Colombia,COL,2012,YR2012,,
Colombia,COL,2013,YR2013,,
Colombia,COL,2014,YR2014,,14.4
Colombia,COL,2015,YR2015,,14.3
Colombia,COL,2016,YR2016,,15.0
Colombia,COL,2017,YR2017,,14.4
Colombia,COL,2018,YR2018,,13.2
Colombia,COL,2019,YR2019,,19.9
Comoros,COM,2004,YR2004,,
Comoros,COM,2005,YR2005,,
Comoros,COM,2006,YR2006,,
Comoros,COM,2007,YR2007,,
Comoros,COM,2008,YR2008,,
Comoros,COM,2009,YR2009,,
Comoros,COM,2010,YR2010,,
Comoros,COM,2011,YR2011,,
Comoros,COM,2012,YR2012,,
Comoros,COM,2013,YR2013,,
Comoros,COM,2014,YR2014,,32.9
Comoros,COM,2015,YR2015,,32.6
Comoros,COM,2016,YR2016,,27.9
Comoros,COM,2017,YR2017,,27.4
Comoros,COM,2018,YR2018,,26.8
Comoros,COM,2019,YR2019,,28.1
"Congo, Dem. Rep.",COD,2004,YR2004,,
"Congo, Dem. Rep.",COD,2005,YR2005,,
"Congo, Dem. Rep.",COD,2006,YR2006,,
"Congo, Dem. Rep.",COD,2007,YR2007,,
"Congo, Dem. Rep.",COD,2008,YR2008,,
"Congo, Dem. Rep.",COD,2009,YR2009,,
"Congo, Dem. Rep.",COD,2010,YR2010,,
"Congo, Dem. Rep.",COD,2011,YR2011,,
"Congo, Dem. Rep.",COD,2012,YR2012,,
"Congo, Dem. Rep.",COD,2013,YR2013,,
"Congo, Dem. Rep.",COD,2014,YR2014,,11.5
"Congo, Dem. Rep.",COD,2015,YR2015,,11.7
"Congo, Dem. Rep.",COD,2016,YR2016,,10.0
"Congo, Dem. Rep.",COD,2017,YR2017,,10.0
"Congo, Dem. Rep.",COD,2018,YR2018,,10.0
"Congo, Dem. Rep.",COD,2019,YR2019,,10.0
"Congo, Rep.",COG,2004,YR2004,,
"Congo, Rep.",COG,2005,YR2005,,
"Congo, Rep.",COG,2006,YR2006,,
"Congo, Rep.",COG,2007,YR2007,,
"Congo, Rep.",COG,2008,YR2008,,
"Congo, Rep.",COG,2009,YR2009,,
"Congo, Rep.",COG,2010,YR2010,,
"Congo, Rep.",COG,2011,YR2011,,
"Congo, Rep.",COG,2012,YR2012,,
"Congo, Rep.",COG,2013,YR2013,,
"Congo, Rep.",COG,2014,YR2014,,11.1
"Congo, Rep.",COG,2015,YR2015,,11.1
"Congo, Rep.",COG,2016,YR2016,,12.4
"Congo, Rep.",COG,2017,YR2017,,10.6
"Congo, Rep.",COG,2018,YR2018,,8.2
"Congo, Rep.",COG,2019,YR2019,,8.1
Costa Rica,CRI,2004,YR2004,,
Costa Rica,CRI,2005,YR2005,,
Costa Rica,CRI,2006,YR2006,,
Costa Rica,CRI,2007,YR2007,,
Costa Rica,CRI,2008,YR2008,,
Costa Rica,CRI,2009,YR2009,,
Costa Rica,CRI,2010,YR2010,,
Costa Rica,CRI,2011,YR2011,,
Costa Rica,CRI,2012,YR2012,,
Costa Rica,CRI,2013,YR2013,,
Costa Rica,CRI,2014,YR2014,,25.2
Costa Rica,CRI,2015,YR2015,,25.7
Costa Rica,CRI,2016,YR2016,,24.5
Costa Rica,CRI,2017,YR2017,,14.6
Costa Rica,CRI,2018,YR2018,,14.4
Costa Rica,CRI,2019,YR2019,,14.4
Côte d'Ivoire,CIV,2004,YR2004,,
Côte d'Ivoire,CIV,2005,YR2005,,
Côte d'Ivoire,CIV,2006,YR2006,,
Côte d'Ivoire,CIV,2007,YR2007,,
Côte d'Ivoire,CIV,2008,YR2008,,
Côte d'Ivoire,CIV,2009,YR2009,,
Côte d'Ivoire,CIV,2010,YR2010,,
Côte d'Ivoire,CIV,2011,YR2011,,
Côte d'Ivoire,CIV,2012,YR2012,,
Côte d'Ivoire,CIV,2013,YR2013,,
Côte d'Ivoire,CIV,2014,YR2014,,12.1
Côte d'Ivoire,CIV,2015,YR2015,,12.6
Côte d'Ivoire,CIV,2016,YR2016,,13.9
Côte d'Ivoire,CIV,2017,YR2017,,12.0
Côte d'Ivoire,CIV,2018,YR2018,,11.8
Côte d'Ivoire,CIV,2019,YR2019,,12.6
Croatia,HRV,2004,YR2004,,
Croatia,HRV,2005,YR2005,,
Croatia,HRV,2006,YR2006,,
Croatia,HRV,2007,YR2007,,
Croatia,HRV,2008,YR2008,,
Croatia,HRV,2009,YR2009,,
Croatia,HRV,2010,YR2010,,
Croatia,HRV,2011,YR2011,,
Croatia,HRV,2012,YR2012,,
Croatia,HRV,2013,YR2013,,
Croatia,HRV,2014,YR2014,,18.4
Croatia,HRV,2015,YR2015,,18.4
Croatia,HRV,2016,YR2016,,16.2
Croatia,HRV,2017,YR2017,,17.1
Croatia,HRV,2018,YR2018,,17.6
Croatia,HRV,2019,YR2019,,16.8
Cyprus,CYP,2004,YR2004,,
Cyprus,CYP,2005,YR2005,,
Cyprus,CYP,2006,YR2006,,
Cyprus,CYP,2007,YR2007,,
Cyprus,CYP,2008,YR2008,,
Cyprus,CYP,2009,YR2009,,
Cyprus,CYP,2010,YR2010,,
Cyprus,CYP,2011,YR2011,,
Cyprus,CYP,2012,YR2012,,
Cyprus,CYP,2013,YR2013,,
Cyprus,CYP,2014,YR2014,,25.4
Cyprus,CYP,2015,YR2015,,20.0
Cyprus,CYP,2016,YR2016,,18.7
Cyprus,CYP,2017,YR2017,,17.5
Cyprus,CYP,2018,YR2018,,14.9
Cyprus,CYP,2019,YR2019,,19.1
Czech Republic,CZE,2004,YR2004,,
Czech Republic,CZE,2005,YR2005,,
Czech Republic,CZE,2006,YR2006,,
Czech Republic,CZE,2007,YR2007,,
Czech Republic,CZE,2008,YR2008,,
Czech Republic,CZE,2009,YR2009,,
Czech Republic,CZE,2010,YR2010,,
Czech Republic,CZE,2011,YR2011,,
Czech Republic,CZE,2012,YR2012,,
Czech Republic,CZE,2013,YR2013,,
Czech Republic,CZE,2014,YR2014,,17.7
Czech Republic,CZE,2015,YR2015,,15.3
Czech Republic,CZE,2016,YR2016,,13.8
Czech Republic,CZE,2017,YR2017,,12.1
Czech Republic,CZE,2018,YR2018,,12.1
Czech Republic,CZE,2019,YR2019,,13.8
Denmark,DNK,2004,YR2004,,
Denmark,DNK,2005,YR2005,,
Denmark,DNK,2006,YR2006,,
Denmark,DNK,2007,YR2007,,
Denmark,DNK,2008,YR2008,,
Denmark,DNK,2009,YR2009,,
Denmark,DNK,2010,YR2010,,
Denmark,DNK,2011,YR2011,,
Denmark,DNK,2012,YR2012,,
Denmark,DNK,2013,YR2013,,
Denmark,DNK,2014,YR2014,,14.7
Denmark,DNK,2015,YR2015,,14.5
Denmark,DNK,2016,YR2016,,22.5
Denmark,DNK,2017,YR2017,,21.4
Denmark,DNK,2018,YR2018,,20.3
Denmark,DNK,2019,YR2019,,24.2
Djibouti,DJI,2004,YR2004,,
Djibouti,DJI,2005,YR2005,,
Djibouti,DJI,2006,YR2006,,
Djibouti,DJI,2007,YR2007,,
Djibouti,DJI,2008,YR2008,,
Djibouti,DJI,2009,YR2009,,
Djibouti,DJI,2010,YR2010,,
Djibouti,DJI,2011,YR2011,,
Djibouti,DJI,2012,YR2012,,
Djibouti,DJI,2013,YR2013,,
Djibouti,DJI,2014,YR2014,,22.8
Djibouti,DJI,2015,YR2015,,22.8
Djibouti,DJI,2016,YR2016,,26.0
Djibouti,DJI,2017,YR2017,,26.0
Djibouti,DJI,2018,YR2018,,25.5
Djibouti,DJI,2019,YR2019,,26.2
Dominica,DMA,2004,YR2004,,
Dominica,DMA,2005,YR2005,,
Dominica,DMA,2006,YR2006,,
Dominica,DMA,2007,YR2007,,
Dominica,DMA,2008,YR2008,,
Dominica,DMA,2009,YR2009,,
Dominica,DMA,2010,YR2010,,
Dominica,DMA,2011,YR2011,,
Dominica,DMA,2012,YR2012,,
Dominica,DMA,2013,YR2013,,
Dominica,DMA,2014,YR2014,,46.5
Dominica,DMA,2015,YR2015,,36.5
Dominica,DMA,2016,YR2016,,33.4
Dominica,DMA,2017,YR2017,,35.2
Dominica,DMA,2018,YR2018,,34.5
Dominica,DMA,2019,YR2019,,36.8
Dominican Republic,DOM,2004,YR2004,,
Dominican Republic,DOM,2005,YR2005,,
Dominican Republic,DOM,2006,YR2006,,
Dominican Republic,DOM,2007,YR2007,,
Dominican Republic,DOM,2008,YR2008,,
Dominican Republic,DOM,2009,YR2009,,
Dominican Republic,DOM,2010,YR2010,,
Dominican Republic,DOM,2011,YR2011,,
Dominican Republic,DOM,2012,YR2012,,
Dominican Republic,DOM,2013,YR2013,,
Dominican Republic,DOM,2014,YR2014,,25.0
Dominican Republic,DOM,2015,YR2015,,24.5
Dominican Republic,DOM,2016,YR2016,,22.0
Dominican Republic,DOM,2017,YR2017,,21.3
Dominican Republic,DOM,2018,YR2018,,20.4
Dominican Republic,DOM,2019,YR2019,,20.1
Ecuador,ECU,2004,YR2004,,
Ecuador,ECU,2005,YR2005,,
Ecuador,ECU,2006,YR2006,,
Ecuador,ECU,2007,YR2007,,
Ecuador,ECU,2008,YR2008,,
Ecuador,ECU,2009,YR2009,,
Ecuador,ECU,2010,YR2010,,
Ecuador,ECU,2011,YR2011,,
Ecuador,ECU,2012,YR2012,,
Ecuador,ECU,2013,YR2013,,
Ecuador,ECU,2014,YR2014,,7.9
Ecuador,ECU,2015,YR2015,,9.9
Ecuador,ECU,2016,YR2016,,10.7
Ecuador,ECU,2017,YR2017,,12.5
Ecuador,ECU,2018,YR2018,,11.7
Ecuador,ECU,2019,YR2019,,11.9
"Egypt, Arab Rep.",EGY,2004,YR2004,,
"Egypt, Arab Rep.",EGY,2005,YR2005,,
"Egypt, Arab Rep.",EGY,2006,YR2006,,
"Egypt, Arab Rep.",EGY,2007,YR2007,,
"Egypt, Arab Rep.",EGY,2008,YR2008,,
"Egypt, Arab Rep.",EGY,2009,YR2009,,
"Egypt, Arab Rep.",EGY,2010,YR2010,,
"Egypt, Arab Rep.",EGY,2011,YR2011,,
"Egypt, Arab Rep.",EGY,2012,YR2012,,
"Egypt, Arab Rep.",EGY,2013,YR2013,,
"Egypt, Arab Rep.",EGY,2014,YR2014,,10.8
"Egypt, Arab Rep.",EGY,2015,YR2015,,11.5
"Egypt, Arab Rep.",EGY,2016,YR2016,,10.9
"Egypt, Arab Rep.",EGY,2017,YR2017,,12.1
"Egypt, Arab Rep.",EGY,2018,YR2018,,8.0
"Egypt, Arab Rep.",EGY,2019,YR2019,,9.7
El Salvador,SLV,2004,YR2004,,
El Salvador,SLV,2005,YR2005,,
El Salvador,SLV,2006,YR2006,,
El Salvador,SLV,2007,YR2007,,
El Salvador,SLV,2008,YR2008,,
El Salvador,SLV,2009,YR2009,,
El Salvador,SLV,2010,YR2010,,
El Salvador,SLV,2011,YR2011,,
El Salvador,SLV,2012,YR2012,,
El Salvador,SLV,2013,YR2013,,
El Salvador,SLV,2014,YR2014,,21.3
El Salvador,SLV,2015,YR2015,,19.2
El Salvador,SLV,2016,YR2016,,14.0
El Salvador,SLV,2017,YR2017,,15.8
El Salvador,SLV,2018,YR2018,,16.7
El Salvador,SLV,2019,YR2019,,19.5
Equatorial Guinea,GNQ,2004,YR2004,,
Equatorial Guinea,GNQ,2005,YR2005,,
Equatorial Guinea,GNQ,2006,YR2006,,
Equatorial Guinea,GNQ,2007,YR2007,,
Equatorial Guinea,GNQ,2008,YR2008,,
Equatorial Guinea,GNQ,2009,YR2009,,
Equatorial Guinea,GNQ,2010,YR2010,,
Equatorial Guinea,GNQ,2011,YR2011,,
Equatorial Guinea,GNQ,2012,YR2012,,
Equatorial Guinea,GNQ,2013,YR2013,,
Equatorial Guinea,GNQ,2014,YR2014,,22.0
Equatorial Guinea,GNQ,2015,YR2015,,22.7
Equatorial Guinea,GNQ,2016,YR2016,,23.3
Equatorial Guinea,GNQ,2017,YR2017,,21.4
Equatorial Guinea,GNQ,2018,YR2018,,17.0
Equatorial Guinea,GNQ,2019,YR2019,,17.4
Eritrea,ERI,2004,YR2004,,
Eritrea,ERI,2005,YR2005,,
Eritrea,ERI,2006,YR2006,,
Eritrea,ERI,2007,YR2007,,
Eritrea,ERI,2008,YR2008,,
Eritrea,ERI,2009,YR2009,,
Eritrea,ERI,2010,YR2010,,
Eritrea,ERI,2011,YR2011,,
Eritrea,ERI,2012,YR2012,,
Eritrea,ERI,2013,YR2013,,
Eritrea,ERI,2014,YR2014,,21.9
Eritrea,ERI,2015,YR2015,,
Eritrea,ERI,2016,YR2016,,
Eritrea,ERI,2017,YR2017,,
Eritrea,ERI,2018,YR2018,,
Eritrea,ERI,2019,YR2019,,
Estonia,EST,2004,YR2004,,
Estonia,EST,2005,YR2005,,
Estonia,EST,2006,YR2006,,
Estonia,EST,2007,YR2007,,
Estonia,EST,2008,YR2008,,
Estonia,EST,2009,YR2009,,
Estonia,EST,2010,YR2010,,
Estonia,EST,2011,YR2011,,
Estonia,EST,2012,YR2012,,
Estonia,EST,2013,YR2013,,
Estonia,EST,2014,YR2014,,11.2
Estonia,EST,2015,YR2015,,11.4
Estonia,EST,2016,YR2016,,10.5
Estonia,EST,2017,YR2017,,9.9
Estonia,EST,2018,YR2018,,8.5
Estonia,EST,2019,YR2019,,10.3
Eswatini,SWZ,2004,YR2004,,
Eswatini,SWZ,2005,YR2005,,
Eswatini,SWZ,2006,YR2006,,
Eswatini,SWZ,2007,YR2007,,
Eswatini,SWZ,2008,YR2008,,
Eswatini,SWZ,2009,YR2009,,
Eswatini,SWZ,2010,YR2010,,
Eswatini,SWZ,2011,YR2011,,
Eswatini,SWZ,2012,YR2012,,
Eswatini,SWZ,2013,YR2013,,
Eswatini,SWZ,2014,YR2014,,20.6
Eswatini,SWZ,2015,YR2015,,20.0
Eswatini,SWZ,2016,YR2016,,13.6
Eswatini,SWZ,2017,YR2017,,15.0
Eswatini,SWZ,2018,YR2018,,16.2
Eswatini,SWZ,2019,YR2019,,16.5
Ethiopia,ETH,2004,YR2004,,
Ethiopia,ETH,2005,YR2005,,
Ethiopia,ETH,2006,YR2006,,
Ethiopia,ETH,2007,YR2007,,
Ethiopia,ETH,2008,YR2008,,
Ethiopia,ETH,2009,YR2009,,
Ethiopia,ETH,2010,YR2010,,
Ethiopia,ETH,2011,YR2011,,
Ethiopia,ETH,2012,YR2012,,
Ethiopia,ETH,2013,YR2013,,
Ethiopia,ETH,2014,YR2014,,4.7
Ethiopia,ETH,2015,YR2015,,4.7
Ethiopia,ETH,2016,YR2016,,4.4
Ethiopia,ETH,2017,YR2017,,4.1
Ethiopia,ETH,2018,YR2018,,3.9
Ethiopia,ETH,2019,YR2019,,3.6
Fiji,FJI,2004,YR2004,,
Fiji,FJI,2005,YR2005,,
Fiji,FJI,2006,YR2006,,
Fiji,FJI,2007,YR2007,,
Fiji,FJI,2008,YR2008,,
Fiji,FJI,2009,YR2009,,
Fiji,FJI,2010,YR2010,,
Fiji,FJI,2011,YR2011,,
Fiji,FJI,2012,YR2012,,
Fiji,FJI,2013,YR2013,,
Fiji,FJI,2014,YR2014,,24.7
Fiji,FJI,2015,YR2015,,24.0
Fiji,FJI,2016,YR2016,,22.2
Fiji,FJI,2017,YR2017,,21.1
Fiji,FJI,2018,YR2018,,20.3
Fiji,FJI,2019,YR2019,,21.8
Finland,FIN,2004,YR2004,,
Finland,FIN,2005,YR2005,,
Finland,FIN,2006,YR2006,,
Finland,FIN,2007,YR2007,,
Finland,FIN,2008,YR2008,,
Finland,FIN,2009,YR2009,,
Finland,FIN,2010,YR2010,,
Finland,FIN,2011,YR2011,,
Finland,FIN,2012,YR2012,,
Finland,FIN,2013,YR2013,,
Finland,FIN,2014,YR2014,,16.4
Finland,FIN,2015,YR2015,,14.3
Finland,FIN,2016,YR2016,,12.7
Finland,FIN,2017,YR2017,,11.8
Finland,FIN,2018,YR2018,,11.3
Finland,FIN,2019,YR2019,,13.3
France,FRA,2004,YR2004,,
France,FRA,2005,YR2005,,
France,FRA,2006,YR2006,,
France,FRA,2007,YR2007,,
France,FRA,2008,YR2008,,
France,FRA,2009,YR2009,,
France,FRA,2010,YR2010,,
France,FRA,2011,YR2011,,
France,FRA,2012,YR2012,,
France,FRA,2013,YR2013,,
France,FRA,2014,YR2014,,14.2
France,FRA,2015,YR2015,,14.3
France,FRA,2016,YR2016,,14.5
France,FRA,2017,YR2017,,13.6
France,FRA,2018,YR2018,,13.0
France,FRA,2019,YR2019,,13.6
Gabon,GAB,2004,YR2004,,
Gabon,GAB,2005,YR2005,,
Gabon,GAB,2006,YR2006,,
Gabon,GAB,2007,YR2007,,
Gabon,GAB,2008,YR2008,,
Gabon,GAB,2009,YR2009,,
Gabon,GAB,2010,YR2010,,
Gabon,GAB,2011,YR2011,,
Gabon,GAB,2012,YR2012,,
Gabon,GAB,2013,YR2013,,
Gabon,GAB,2014,YR2014,,22.2
Gabon,GAB,2015,YR2015,,22.6
Gabon,GAB,2016,YR2016,,21.2
Gabon,GAB,2017,YR2017,,19.4
Gabon,GAB,2018,YR2018,,18.9
Gabon,GAB,2019,YR2019,,19.1
"Gambia, The",GMB,2004,YR2004,,
"Gambia, The",GMB,2005,YR2005,,
"Gambia, The",GMB,2006,YR2006,,
"Gambia, The",GMB,2007,YR2007,,
"Gambia, The",GMB,2008,YR2008,,
"Gambia, The",GMB,2009,YR2009,,
"Gambia, The",GMB,2010,YR2010,,
"Gambia, The",GMB,2011,YR2011,,
"Gambia, The",GMB,2012,YR2012,,
"Gambia, The",GMB,2013,YR2013,,
"Gambia, The",GMB,2014,YR2014,,29.0
"Gambia, The",GMB,2015,YR2015,,25.4
"Gambia, The",GMB,2016,YR2016,,23.7
"Gambia, The",GMB,2017,YR2017,,21.1
"Gambia, The",GMB,2018,YR2018,,20.0
"Gambia, The",GMB,2019,YR2019,,20.2
Georgia,GEO,2004,YR2004,,
Georgia,GEO,2005,YR2005,,
Georgia,GEO,2006,YR2006,,
Georgia,GEO,2007,YR2007,,
Georgia,GEO,2008,YR2008,,
Georgia,GEO,2009,YR2009,,
Georgia,GEO,2010,YR2010,,
Georgia,GEO,2011,YR2011,,
Georgia,GEO,2012,YR2012,,
Georgia,GEO,2013,YR2013,,
Georgia,GEO,2014,YR2014,,8.2
Georgia,GEO,2015,YR2015,,7.9
Georgia,GEO,2016,YR2016,,9.8
Georgia,GEO,2017,YR2017,,7.4
Georgia,GEO,2018,YR2018,,6.5
Georgia,GEO,2019,YR2019,,6.6
Germany,DEU,2004,YR2004,,
Germany,DEU,2005,YR2005,,
Germany,DEU,2006,YR2006,,
Germany,DEU,2007,YR2007,,
Germany,DEU,2008,YR2008,,
Germany,DEU,2009,YR2009,,
Germany,DEU,2010,YR2010,,
Germany,DEU,2011,YR2011,,
Germany,DEU,2012,YR2012,,
Germany,DEU,2013,YR2013,,
Germany,DEU,2014,YR2014,,29.2
Germany,DEU,2015,YR2015,,28.5
Germany,DEU,2016,YR2016,,26.6
Germany,DEU,2017,YR2017,,33.8
Germany,DEU,2018,YR2018,,32.2
Germany,DEU,2019,YR2019,,25.6
Ghana,GHA,2004,YR2004,,
Ghana,GHA,2005,YR2005,,
Ghana,GHA,2006,YR2006,,
Ghana,GHA,2007,YR2007,,
Ghana,GHA,2008,YR2008,,
Ghana,GHA,2009,YR2009,,
Ghana,GHA,2010,YR2010,,
Ghana,GHA,2011,YR2011,,
Ghana,GHA,2012,YR2012,,
Ghana,GHA,2013,YR2013,,
Ghana,GHA,2014,YR2014,,27.1
Ghana,GHA,2015,YR2015,,25.4
Ghana,GHA,2016,YR2016,,19.3
Ghana,GHA,2017,YR2017,,24.5
Ghana,GHA,2018,YR2018,,22.2
Ghana,GHA,2019,YR2019,,23.6
Greece,GRC,2004,YR2004,,
Greece,GRC,2005,YR2005,,
Greece,GRC,2006,YR2006,,
Greece,GRC,2007,YR2007,,
Greece,GRC,2008,YR2008,,
Greece,GRC,2009,YR2009,,
Greece,GRC,2010,YR2010,,
Greece,GRC,2011,YR2011,,
Greece,GRC,2012,YR2012,,
Greece,GRC,2013,YR2013,,
Greece,GRC,2014,YR2014,,14.1
Greece,GRC,2015,YR2015,,15.6
Greece,GRC,2016,YR2016,,22.2
Greece,GRC,2017,YR2017,,20.7
Greece,GRC,2018,YR2018,,19.5
Greece,GRC,2019,YR2019,,20.4
Grenada,GRD,2004,YR2004,,
Grenada,GRD,2005,YR2005,,
Grenada,GRD,2006,YR2006,,
Grenada,GRD,2007,YR2007,,
Grenada,GRD,2008,YR2008,,
Grenada,GRD,2009,YR2009,,
Grenada,GRD,2010,YR2010,,
Grenada,GRD,2011,YR2011,,
Grenada,GRD,2012,YR2012,,
Grenada,GRD,2013,YR2013,,
Grenada,GRD,2014,YR2014,,39.8
Grenada,GRD,2015,YR2015,,29.8
Grenada,GRD,2016,YR2016,,23.9
Grenada,GRD,2017,YR2017,,27.7
Grenada,GRD,2018,YR2018,,27.6
Grenada,GRD,2019,YR2019,,30.9
Guatemala,GTM,2004,YR2004,,
Guatemala,GTM,2005,YR2005,,
Guatemala,GTM,2006,YR2006,,
Guatemala,GTM,2007,YR2007,,
Guatemala,GTM,2008,YR2008,,
Guatemala,GTM,2009,YR2009,,
Guatemala,GTM,2010,YR2010,,
Guatemala,GTM,2011,YR2011,,
Guatemala,GTM,2012,YR2012,,
Guatemala,GTM,2013,YR2013,,
Guatemala,GTM,2014,YR2014,,21.4
Guatemala,GTM,2015,YR2015,,16.6
Guatemala,GTM,2016,YR2016,,14.2
Guatemala,GTM,2017,YR2017,,12.3
Guatemala,GTM,2018,YR2018,,19.4
Guatemala,GTM,2019,YR2019,,20.1
Guinea,GIN,2004,YR2004,,
Guinea,GIN,2005,YR2005,,
Guinea,GIN,2006,YR2006,,
Guinea,GIN,2007,YR2007,,
Guinea,GIN,2008,YR2008,,
Guinea,GIN,2009,YR2009,,
Guinea,GIN,2010,YR2010,,
Guinea,GIN,2011,YR2011,,
Guinea,GIN,2012,YR2012,,
Guinea,GIN,2013,YR2013,,
Guinea,GIN,2014,YR2014,,17.2
Guinea,GIN,2015,YR2015,,17.0
Guinea,GIN,2016,YR2016,,16.4
Guinea,GIN,2017,YR2017,,20.9
Guinea,GIN,2018,YR2018,,19.6
Guinea,GIN,2019,YR2019,,20.3
Guinea-Bissau,GNB,2004,YR2004,,
Guinea-Bissau,GNB,2005,YR2005,,
Guinea-Bissau,GNB,2006,YR2006,,
Guinea-Bissau,GNB,2007,YR2007,,
Guinea-Bissau,GNB,2008,YR2008,,
Guinea-Bissau,GNB,2009,YR2009,,
Guinea-Bissau,GNB,2010,YR2010,,
Guinea-Bissau,GNB,2011,YR2011,,
Guinea-Bissau,GNB,2012,YR2012,,
Guinea-Bissau,GNB,2013,YR2013,,
Guinea-Bissau,GNB,2014,YR2014,,33.1
Guinea-Bissau,GNB,2015,YR2015,,31.2
Guinea-Bissau,GNB,2016,YR2016,,27.6
Guinea-Bissau,GNB,2017,YR2017,,26.9
Guinea-Bissau,GNB,2018,YR2018,,24.9
Guinea-Bissau,GNB,2019,YR2019,,27.3
Guyana,GUY,2004,YR2004,,
Guyana,GUY,2005,YR2005,,
Guyana,GUY,2006,YR2006,,
Guyana,GUY,2007,YR2007,,
Guyana,GUY,2008,YR2008,,
Guyana,GUY,2009,YR2009,,
Guyana,GUY,2010,YR2010,,
Guyana,GUY,2011,YR2011,,
Guyana,GUY,2012,YR2012,,
Guyana,GUY,2013,YR2013,,
Guyana,GUY,2014,YR2014,,32.2
Guyana,GUY,2015,YR2015,,29.3
Guyana,GUY,2016,YR2016,,30.1
Guyana,GUY,2017,YR2017,,28.9
Guyana,GUY,2018,YR2018,,30.0
Guyana,GUY,2019,YR2019,,32.8
Haiti,HTI,2004,YR2004,,
Haiti,HTI,2005,YR2005,,
Haiti,HTI,2006,YR2006,,
Haiti,HTI,2007,YR2007,,
Haiti,HTI,2008,YR2008,,
Haiti,HTI,2009,YR2009,,
Haiti,HTI,2010,YR2010,,
Haiti,HTI,2011,YR2011,,
Haiti,HTI,2012,YR2012,,
Haiti,HTI,2013,YR2013,,
Haiti,HTI,2014,YR2014,,36.8
Haiti,HTI,2015,YR2015,,35.7
Haiti,HTI,2016,YR2016,,30.5
Haiti,HTI,2017,YR2017,,26.2
Haiti,HTI,2018,YR2018,,22.7
Haiti,HTI,2019,YR2019,,21.1
Honduras,HND,2004,YR2004,,
Honduras,HND,2005,YR2005,,
Honduras,HND,2006,YR2006,,
Honduras,HND,2007,YR2007,,
Honduras,HND,2008,YR2008,,
Honduras,HND,2009,YR2009,,
Honduras,HND,2010,YR2010,,
Honduras,HND,2011,YR2011,,
Honduras,HND,2012,YR2012,,
Honduras,HND,2013,YR2013,,
Honduras,HND,2014,YR2014,,24.5
Honduras,HND,2015,YR2015,,19.6
Honduras,HND,2016,YR2016,,17.2
Honduras,HND,2017,YR2017,,21.1
Honduras,HND,2018,YR2018,,17.2
Honduras,HND,2019,YR2019,,20.8
"Hong Kong, China",HKG,2004,YR2004,,
"Hong Kong, China",HKG,2005,YR2005,,
"Hong Kong, China",HKG,2006,YR2006,,
"Hong Kong, China",HKG,2007,YR2007,,
"Hong Kong, China",HKG,2008,YR2008,,
"Hong Kong, China",HKG,2009,YR2009,,
"Hong Kong, China",HKG,2010,YR2010,,
"Hong Kong, China",HKG,2011,YR2011,,
"Hong Kong, China",HKG,2012,YR2012,,
"Hong Kong, China",HKG,2013,YR2013,,
"Hong Kong, China",HKG,2014,YR2014,,15.3
"Hong Kong, China",HKG,2015,YR2015,,15.5
"Hong Kong, China",HKG,2016,YR2016,,15.0
"Hong Kong, China",HKG,2017,YR2017,,15.1
"Hong Kong, China",HKG,2018,YR2018,,15.4
"Hong Kong, China",HKG,2019,YR2019,,16.1
Hungary,HUN,2004,YR2004,,
Hungary,HUN,2005,YR2005,,
Hungary,HUN,2006,YR2006,,
Hungary,HUN,2007,YR2007,,
Hungary,HUN,2008,YR2008,,
Hungary,HUN,2009,YR2009,,
Hungary,HUN,2010,YR2010,,
Hungary,HUN,2011,YR2011,,
Hungary,HUN,2012,YR2012,,
Hungary,HUN,2013,YR2013,,
Hungary,HUN,2014,YR2014,,15.3
Hungary,HUN,2015,YR2015,,16.3
Hungary,HUN,2016,YR2016,,25.1
Hungary,HUN,2017,YR2017,,23.4
Hungary,HUN,2018,YR2018,,17.6
Hungary,HUN,2019,YR2019,,18.0
Iceland,ISL,2004,YR2004,,
Iceland,ISL,2005,YR2005,,
Iceland,ISL,2006,YR2006,,
Iceland,ISL,2007,YR2007,,
Iceland,ISL,2008,YR2008,,
Iceland,ISL,2009,YR2009,,
Iceland,ISL,2010,YR2010,,
Iceland,ISL,2011,YR2011,,
Iceland,ISL,2012,YR2012,,
Iceland,ISL,2013,YR2013,,
Iceland,ISL,2014,YR2014,,8.9
Iceland,ISL,2015,YR2015,,8.9
Iceland,ISL,2016,YR2016,,8.8
Iceland,ISL,2017,YR2017,,9.4
Iceland,ISL,2018,YR2018,,10.0
Iceland,ISL,2019,YR2019,,12.2
India,IND,2004,YR2004,,
India,IND,2005,YR2005,,
India,IND,2006,YR2006,,
India,IND,2007,YR2007,,
India,IND,2008,YR2008,,
India,IND,2009,YR2009,,
India,IND,2010,YR2010,,
India,IND,2011,YR2011,,
India,IND,2012,YR2012,,
India,IND,2013,YR2013,,
India,IND,2014,YR2014,,22.9
India,IND,2015,YR2015,,22.0
India,IND,2016,YR2016,,20.6
India,IND,2017,YR2017,,17.6
India,IND,2018,YR2018,,17.0
India,IND,2019,YR2019,,18.2
Indonesia,IDN,2004,YR2004,,
Indonesia,IDN,2005,YR2005,,
Indonesia,IDN,2006,YR2006,,
Indonesia,IDN,2007,YR2007,,
Indonesia,IDN,2008,YR2008,,
Indonesia,IDN,2009,YR2009,,
Indonesia,IDN,2010,YR2010,,
Indonesia,IDN,2011,YR2011,,
Indonesia,IDN,2012,YR2012,,
Indonesia,IDN,2013,YR2013,,
Indonesia,IDN,2014,YR2014,,14.2
Indonesia,IDN,2015,YR2015,,13.7
Indonesia,IDN,2016,YR2016,,11.1
Indonesia,IDN,2017,YR2017,,11.2
Indonesia,IDN,2018,YR2018,,10.7
Indonesia,IDN,2019,YR2019,,10.9
"Iran, Islamic Rep.",IRN,2004,YR2004,,
"Iran, Islamic Rep.",IRN,2005,YR2005,,
"Iran, Islamic Rep.",IRN,2006,YR2006,,
"Iran, Islamic Rep.",IRN,2007,YR2007,,
"Iran, Islamic Rep.",IRN,2008,YR2008,,
"Iran, Islamic Rep.",IRN,2009,YR2009,,
"Iran, Islamic Rep.",IRN,2010,YR2010,,
"Iran, Islamic Rep.",IRN,2011,YR2011,,
"Iran, Islamic Rep.",IRN,2012,YR2012,,
"Iran, Islamic Rep.",IRN,2013,YR2013,,
"Iran, Islamic Rep.",IRN,2014,YR2014,,10.0
"Iran, Islamic Rep.",IRN,2015,YR2015,,8.1
"Iran, Islamic Rep.",IRN,2016,YR2016,,6.2
"Iran, Islamic Rep.",IRN,2017,YR2017,,5.8
"Iran, Islamic Rep.",IRN,2018,YR2018,,5.3
"Iran, Islamic Rep.",IRN,2019,YR2019,,5.2
Iraq,IRQ,2004,YR2004,,
Iraq,IRQ,2005,YR2005,,
Iraq,IRQ,2006,YR2006,,
Iraq,IRQ,2007,YR2007,,
Iraq,IRQ,2008,YR2008,,
Iraq,IRQ,2009,YR2009,,
Iraq,IRQ,2010,YR2010,,
Iraq,IRQ,2011,YR2011,,
Iraq,IRQ,2012,YR2012,,
Iraq,IRQ,2013,YR2013,,
Iraq,IRQ,2014,YR2014,,7.9
Iraq,IRQ,2015,YR2015,,7.9
Iraq,IRQ,2016,YR2016,,14.3
Iraq,IRQ,2017,YR2017,,12.0
Iraq,IRQ,2018,YR2018,,9.5
Iraq,IRQ,2019,YR2019,,8.5
Ireland,IRL,2004,YR2004,,
Ireland,IRL,2005,YR2005,,
Ireland,IRL,2006,YR2006,,
Ireland,IRL,2007,YR2007,,
Ireland,IRL,2008,YR2008,,
Ireland,IRL,2009,YR2009,,
Ireland,IRL,2010,YR2010,,
Ireland,IRL,2011,YR2011,,
Ireland,IRL,2012,YR2012,,
Ireland,IRL,2013,YR2013,,
Ireland,IRL,2014,YR2014,,24.1
Ireland,IRL,2015,YR2015,,23.4
Ireland,IRL,2016,YR2016,,21.4
Ireland,IRL,2017,YR2017,,20.6
Ireland,IRL,2018,YR2018,,19.7
Ireland,IRL,2019,YR2019,,19.0
Israel,ISR,2004,YR2004,,
Israel,ISR,2005,YR2005,,
Israel,ISR,2006,YR2006,,
Israel,ISR,2007,YR2007,,
Israel,ISR,2008,YR2008,,
Israel,ISR,2009,YR2009,,
Israel,ISR,2010,YR2010,,
Israel,ISR,2011,YR2011,,
Israel,ISR,2012,YR2012,,
Israel,ISR,2013,YR2013,,
Israel,ISR,2014,YR2014,,14.2
Israel,ISR,2015,YR2015,,14.3
Israel,ISR,2016,YR2016,,13.9
Israel,ISR,2017,YR2017,,12.6
Israel,ISR,2018,YR2018,,11.9
Israel,ISR,2019,YR2019,,11.8
Italy,ITA,2004,YR2004,,
Italy,ITA,2005,YR2005,,
Italy,ITA,2006,YR2006,,
Italy,ITA,2007,YR2007,,
Italy,ITA,2008,YR2008,,
Italy,ITA,2009,YR2009,,
Italy,ITA,2010,YR2010,,
Italy,ITA,2011,YR2011,,
Italy,ITA,2012,YR2012,,
Italy,ITA,2013,YR2013,,
Italy,ITA,2014,YR2014,,25.5
Italy,ITA,2015,YR2015,,23.8
Italy,ITA,2016,YR2016,,21.6
Italy,ITA,2017,YR2017,,20.2
Italy,ITA,2018,YR2018,,19.3
Italy,ITA,2019,YR2019,,16.8
Jamaica,JAM,2004,YR2004,,
Jamaica,JAM,2005,YR2005,,
Jamaica,JAM,2006,YR2006,,
Jamaica,JAM,2007,YR2007,,
Jamaica,JAM,2008,YR2008,,
Jamaica,JAM,2009,YR2009,,
Jamaica,JAM,2010,YR2010,,
Jamaica,JAM,2011,YR2011,,
Jamaica,JAM,2012,YR2012,,
Jamaica,JAM,2013,YR2013,,
Jamaica,JAM,2014,YR2014,,41.6
Jamaica,JAM,2015,YR2015,,28.0
Jamaica,JAM,2016,YR2016,,20.5
Jamaica,JAM,2017,YR2017,,23.3
Jamaica,JAM,2018,YR2018,,22.3
Jamaica,JAM,2019,YR2019,,26.4
Japan,JPN,2004,YR2004,,
Japan,JPN,2005,YR2005,,
Japan,JPN,2006,YR2006,,
Japan,JPN,2007,YR2007,,
Japan,JPN,2008,YR2008,,
Japan,JPN,2009,YR2009,,
Japan,JPN,2010,YR2010,,
Japan,JPN,2011,YR2011,,
Japan,JPN,2012,YR2012,,
Japan,JPN,2013,YR2013,,
Japan,JPN,2014,YR2014,,29.1
Japan,JPN,2015,YR2015,,25.9
Japan,JPN,2016,YR2016,,22.6
Japan,JPN,2017,YR2017,,21.7
Japan,JPN,2018,YR2018,,18.6
Japan,JPN,2019,YR2019,,21.2
Jordan,JOR,2004,YR2004,,
Jordan,JOR,2005,YR2005,,
Jordan,JOR,2006,YR2006,,
Jordan,JOR,2007,YR2007,,
Jordan,JOR,2008,YR2008,,
Jordan,JOR,2009,YR2009,,
Jordan,JOR,2010,YR2010,,
Jordan,JOR,2011,YR2011,,
Jordan,JOR,2012,YR2012,,
Jordan,JOR,2013,YR2013,,
Jordan,JOR,2014,YR2014,,22.8
Jordan,JOR,2015,YR2015,,24.5
Jordan,JOR,2016,YR2016,,24.5
Jordan,JOR,2017,YR2017,,23.8
Jordan,JOR,2018,YR2018,,23.9
Jordan,JOR,2019,YR2019,,24.6
Kazakhstan,KAZ,2004,YR2004,,
Kazakhstan,KAZ,2005,YR2005,,
Kazakhstan,KAZ,2006,YR2006,,
Kazakhstan,KAZ,2007,YR2007,,
Kazakhstan,KAZ,2008,YR2008,,
Kazakhstan,KAZ,2009,YR2009,,
Kazakhstan,KAZ,2010,YR2010,,
Kazakhstan,KAZ,2011,YR2011,,
Kazakhstan,KAZ,2012,YR2012,,
Kazakhstan,KAZ,2013,YR2013,,
Kazakhstan,KAZ,2014,YR2014,,9.8
Kazakhstan,KAZ,2015,YR2015,,9.1
Kazakhstan,KAZ,2016,YR2016,,9.8
Kazakhstan,KAZ,2017,YR2017,,6.0
Kazakhstan,KAZ,2018,YR2018,,5.0
Kazakhstan,KAZ,2019,YR2019,,4.4
Kenya,KEN,2004,YR2004,,
Kenya,KEN,2005,YR2005,,
Kenya,KEN,2006,YR2006,,
Kenya,KEN,2007,YR2007,,
Kenya,KEN,2008,YR2008,,
Kenya,KEN,2009,YR2009,,
Kenya,KEN,2010,YR2010,,
Kenya,KEN,2011,YR2011,,
Kenya,KEN,2012,YR2012,,
Kenya,KEN,2013,YR2013,,
Kenya,KEN,2014,YR2014,,23.1
Kenya,KEN,2015,YR2015,,21.6
Kenya,KEN,2016,YR2016,,17.6
Kenya,KEN,2017,YR2017,,20.2
Kenya,KEN,2018,YR2018,,21.5
Kenya,KEN,2019,YR2019,,21.7
Kiribati,KIR,2004,YR2004,,
Kiribati,KIR,2005,YR2005,,
Kiribati,KIR,2006,YR2006,,
Kiribati,KIR,2007,YR2007,,
Kiribati,KIR,2008,YR2008,,
Kiribati,KIR,2009,YR2009,,
Kiribati,KIR,2010,YR2010,,
Kiribati,KIR,2011,YR2011,,
Kiribati,KIR,2012,YR2012,,
Kiribati,KIR,2013,YR2013,,
Kiribati,KIR,2014,YR2014,,56.2
Kiribati,KIR,2015,YR2015,,52.2
Kiribati,KIR,2016,YR2016,,46.2
Kiribati,KIR,2017,YR2017,,42.4
Kiribati,KIR,2018,YR2018,,39.4
Kiribati,KIR,2019,YR2019,,41.3
"Korea, Rep.",KOR,2004,YR2004,,
"Korea, Rep.",KOR,2005,YR2005,,
"Korea, Rep.",KOR,2006,YR2006,,
"Korea, Rep.",KOR,2007,YR2007,,
"Korea, Rep.",KOR,2008,YR2008,,
"Korea, Rep.",KOR,2009,YR2009,,
"Korea, Rep.",KOR,2010,YR2010,,
"Korea, Rep.",KOR,2011,YR2011,,
"Korea, Rep.",KOR,2012,YR2012,,
"Korea, Rep.",KOR,2013,YR2013,,
"Korea, Rep.",KOR,2014,YR2014,,10.0
"Korea, Rep.",KOR,2015,YR2015,,10.1
"Korea, Rep.",KOR,2016,YR2016,,9.0
"Korea, Rep.",KOR,2017,YR2017,,8.7
"Korea, Rep.",KOR,2018,YR2018,,8.5
"Korea, Rep.",KOR,2019,YR2019,,11.4
Kosovo,XKX,2004,YR2004,,
Kosovo,XKX,2005,YR2005,,
Kosovo,XKX,2006,YR2006,,
Kosovo,XKX,2007,YR2007,,
Kosovo,XKX,2008,YR2008,,
Kosovo,XKX,2009,YR2009,,
Kosovo,XKX,2010,YR2010,,
Kosovo,XKX,2011,YR2011,,
Kosovo,XKX,2012,YR2012,,
Kosovo,XKX,2013,YR2013,,
Kosovo,XKX,2014,YR2014,,15.0
Kosovo,XKX,2015,YR2015,,16.3
Kosovo,XKX,2016,YR2016,,13.5
Kosovo,XKX,2017,YR2017,,12.8
Kosovo,XKX,2018,YR2018,,12.1
Kosovo,XKX,2019,YR2019,,9.5
Kuwait,KWT,2004,YR2004,,
Kuwait,KWT,2005,YR2005,,
Kuwait,KWT,2006,YR2006,,
Kuwait,KWT,2007,YR2007,,
Kuwait,KWT,2008,YR2008,,
Kuwait,KWT,2009,YR2009,,
Kuwait,KWT,2010,YR2010,,
Kuwait,KWT,2011,YR2011,,
Kuwait,KWT,2012,YR2012,,
Kuwait,KWT,2013,YR2013,,
Kuwait,KWT,2014,YR2014,,0.7
Kuwait,KWT,2015,YR2015,,0.7
Kuwait,KWT,2016,YR2016,,0.8
Kuwait,KWT,2017,YR2017,,0.7
Kuwait,KWT,2018,YR2018,,0.8
Kuwait,KWT,2019,YR2019,,0.7
Kyrgyz Republic,KGZ,2004,YR2004,,
Kyrgyz Republic,KGZ,2005,YR2005,,
Kyrgyz Republic,KGZ,2006,YR2006,,
Kyrgyz Republic,KGZ,2007,YR2007,,
Kyrgyz Republic,KGZ,2008,YR2008,,
Kyrgyz Republic,KGZ,2009,YR2009,,
Kyrgyz Republic,KGZ,2010,YR2010,,
Kyrgyz Republic,KGZ,2011,YR2011,,
Kyrgyz Republic,KGZ,2012,YR2012,,
Kyrgyz Republic,KGZ,2013,YR2013,,
Kyrgyz Republic,KGZ,2014,YR2014,,3.1
Kyrgyz Republic,KGZ,2015,YR2015,,4.2
Kyrgyz Republic,KGZ,2016,YR2016,,3.8
Kyrgyz Republic,KGZ,2017,YR2017,,3.4
Kyrgyz Republic,KGZ,2018,YR2018,,2.9
Kyrgyz Republic,KGZ,2019,YR2019,,3.6
Lao PDR,LAO,2004,YR2004,,
Lao PDR,LAO,2005,YR2005,,
Lao PDR,LAO,2006,YR2006,,
Lao PDR,LAO,2007,YR2007,,
Lao PDR,LAO,2008,YR2008,,
Lao PDR,LAO,2009,YR2009,,
Lao PDR,LAO,2010,YR2010,,
Lao PDR,LAO,2011,YR2011,,
Lao PDR,LAO,2012,YR2012,,
Lao PDR,LAO,2013,YR2013,,
Lao PDR,LAO,2014,YR2014,,10.5
Lao PDR,LAO,2015,YR2015,,11.0
Lao PDR,LAO,2016,YR2016,,11.3
Lao PDR,LAO,2017,YR2017,,11.0
Lao PDR,LAO,2018,YR2018,,12.9
Lao PDR,LAO,2019,YR2019,,13.2
Latvia,LVA,2004,YR2004,,
Latvia,LVA,2005,YR2005,,
Latvia,LVA,2006,YR2006,,
Latvia,LVA,2007,YR2007,,
Latvia,LVA,2008,YR2008,,
Latvia,LVA,2009,YR2009,,
Latvia,LVA,2010,YR2010,,
Latvia,LVA,2011,YR2011,,
Latvia,LVA,2012,YR2012,,
Latvia,LVA,2013,YR2013,,
Latvia,LVA,2014,YR2014,,20.1
Latvia,LVA,2015,YR2015,,16.4
Latvia,LVA,2016,YR2016,,15.2
Latvia,LVA,2017,YR2017,,7.4
Latvia,LVA,2018,YR2018,,9.9
Latvia,LVA,2019,YR2019,,11.4
Lebanon,LBN,2004,YR2004,,
Lebanon,LBN,2005,YR2005,,
Lebanon,LBN,2006,YR2006,,
Lebanon,LBN,2007,YR2007,,
Lebanon,LBN,2008,YR2008,,
Lebanon,LBN,2009,YR2009,,
Lebanon,LBN,2010,YR2010,,
Lebanon,LBN,2011,YR2011,,
Lebanon,LBN,2012,YR2012,,
Lebanon,LBN,2013,YR2013,,
Lebanon,LBN,2014,YR2014,,13.2
Lebanon,LBN,2015,YR2015,,13.3
Lebanon,LBN,2016,YR2016,,13.2
Lebanon,LBN,2017,YR2017,,13.3
Lebanon,LBN,2018,YR2018,,13.2
Lebanon,LBN,2019,YR2019,,13.0
Lesotho,LSO,2004,YR2004,,
Lesotho,LSO,2005,YR2005,,
Lesotho,LSO,2006,YR2006,,
Lesotho,LSO,2007,YR2007,,
Lesotho,LSO,2008,YR2008,,
Lesotho,LSO,2009,YR2009,,
Lesotho,LSO,2010,YR2010,,
Lesotho,LSO,2011,YR2011,,
Lesotho,LSO,2012,YR2012,,
Lesotho,LSO,2013,YR2013,,
Lesotho,LSO,2014,YR2014,,15.7
Lesotho,LSO,2015,YR2015,,15.8
Lesotho,LSO,2016,YR2016,,13.0
Lesotho,LSO,2017,YR2017,,10.9
Lesotho,LSO,2018,YR2018,,13.9
Lesotho,LSO,2019,YR2019,,13.9
Liberia,LBR,2004,YR2004,,
Liberia,LBR,2005,YR2005,,
Liberia,LBR,2006,YR2006,,
Liberia,LBR,2007,YR2007,,
Liberia,LBR,2008,YR2008,,
Liberia,LBR,2009,YR2009,,
Liberia,LBR,2010,YR2010,,
Liberia,LBR,2011,YR2011,,
Liberia,LBR,2012,YR2012,,
Liberia,LBR,2013,YR2013,,
Liberia,LBR,2014,YR2014,,51.4
Liberia,LBR,2015,YR2015,,55.6
Liberia,LBR,2016,YR2016,,55.6
Liberia,LBR,2017,YR2017,,55.6
Liberia,LBR,2018,YR2018,,39.0
Liberia,LBR,2019,YR2019,,39.0
Libya,LBY,2004,YR2004,,
Libya,LBY,2005,YR2005,,
Libya,LBY,2006,YR2006,,
Libya,LBY,2007,YR2007,,
Libya,LBY,2008,YR2008,,
Libya,LBY,2009,YR2009,,
Libya,LBY,2010,YR2010,,
Libya,LBY,2011,YR2011,,
Libya,LBY,2012,YR2012,,
Libya,LBY,2013,YR2013,,
Libya,LBY,2014,YR2014,,14.9
Libya,LBY,2015,YR2015,,18.2
Libya,LBY,2016,YR2016,,17.5
Libya,LBY,2017,YR2017,,14.4
Libya,LBY,2018,YR2018,,11.6
Libya,LBY,2019,YR2019,,12.6
Liechtenstein,LIE,2004,YR2004,,
Liechtenstein,LIE,2005,YR2005,,
Liechtenstein,LIE,2006,YR2006,,
Liechtenstein,LIE,2007,YR2007,,
Liechtenstein,LIE,2008,YR2008,,
Liechtenstein,LIE,2009,YR2009,,
Liechtenstein,LIE,2010,YR2010,,
Liechtenstein,LIE,2011,YR2011,,
Liechtenstein,LIE,2012,YR2012,,
Liechtenstein,LIE,2013,YR2013,,
Liechtenstein,LIE,2014,YR2014,,
Liechtenstein,LIE,2015,YR2015,,
Liechtenstein,LIE,2016,YR2016,,
Liechtenstein,LIE,2017,YR2017,,
Liechtenstein,LIE,2018,YR2018,,9.3
Liechtenstein,LIE,2019,YR2019,,9.5
Lithuania,LTU,2004,YR2004,,
Lithuania,LTU,2005,YR2005,,
Lithuania,LTU,2006,YR2006,,
Lithuania,LTU,2007,YR2007,,
Lithuania,LTU,2008,YR2008,,
Lithuania,LTU,2009,YR2009,,
Lithuania,LTU,2010,YR2010,,
Lithuania,LTU,2011,YR2011,,
Lithuania,LTU,2012,YR2012,,
Lithuania,LTU,2013,YR2013,,
Lithuania,LTU,2014,YR2014,,20.4
Lithuania,LTU,2015,YR2015,,12.3
Lithuania,LTU,2016,YR2016,,10.7
Lithuania,LTU,2017,YR2017,,9.1
Lithuania,LTU,2018,YR2018,,8.3
Lithuania,LTU,2019,YR2019,,9.5
Luxembourg,LUX,2004,YR2004,,
Luxembourg,LUX,2005,YR2005,,
Luxembourg,LUX,2006,YR2006,,
Luxembourg,LUX,2007,YR2007,,
Luxembourg,LUX,2008,YR2008,,
Luxembourg,LUX,2009,YR2009,,
Luxembourg,LUX,2010,YR2010,,
Luxembourg,LUX,2011,YR2011,,
Luxembourg,LUX,2012,YR2012,,
Luxembourg,LUX,2013,YR2013,,
Luxembourg,LUX,2014,YR2014,,15.5
Luxembourg,LUX,2015,YR2015,,14.3
Luxembourg,LUX,2016,YR2016,,12.7
Luxembourg,LUX,2017,YR2017,,11.3
Luxembourg,LUX,2018,YR2018,,10.6
Luxembourg,LUX,2019,YR2019,,12.1
Madagascar,MDG,2004,YR2004,,
Madagascar,MDG,2005,YR2005,,
Madagascar,MDG,2006,YR2006,,
Madagascar,MDG,2007,YR2007,,
Madagascar,MDG,2008,YR2008,,
Madagascar,MDG,2009,YR2009,,
Madagascar,MDG,2010,YR2010,,
Madagascar,MDG,2011,YR2011,,
Madagascar,MDG,2012,YR2012,,
Madagascar,MDG,2013,YR2013,,
Madagascar,MDG,2014,YR2014,,15.8
Madagascar,MDG,2015,YR2015,,15.0
Madagascar,MDG,2016,YR2016,,13.1
Madagascar,MDG,2017,YR2017,,14.2
Madagascar,MDG,2018,YR2018,,15.7
Madagascar,MDG,2019,YR2019,,11.3
Malawi,MWI,2004,YR2004,,
Malawi,MWI,2005,YR2005,,
Malawi,MWI,2006,YR2006,,
Malawi,MWI,2007,YR2007,,
Malawi,MWI,2008,YR2008,,
Malawi,MWI,2009,YR2009,,
Malawi,MWI,2010,YR2010,,
Malawi,MWI,2011,YR2011,,
Malawi,MWI,2012,YR2012,,
Malawi,MWI,2013,YR2013,,
Malawi,MWI,2014,YR2014,,14.2
Malawi,MWI,2015,YR2015,,12.1
Malawi,MWI,2016,YR2016,,17.1
Malawi,MWI,2017,YR2017,,13.3
Malawi,MWI,2018,YR2018,,11.5
Malawi,MWI,2019,YR2019,,17.2
Malaysia,MYS,2004,YR2004,,
Malaysia,MYS,2005,YR2005,,
Malaysia,MYS,2006,YR2006,,
Malaysia,MYS,2007,YR2007,,
Malaysia,MYS,2008,YR2008,,
Malaysia,MYS,2009,YR2009,,
Malaysia,MYS,2010,YR2010,,
Malaysia,MYS,2011,YR2011,,
Malaysia,MYS,2012,YR2012,,
Malaysia,MYS,2013,YR2013,,
Malaysia,MYS,2014,YR2014,,16.8
Malaysia,MYS,2015,YR2015,,15.4
Malaysia,MYS,2016,YR2016,,14.3
Malaysia,MYS,2017,YR2017,,12.9
Malaysia,MYS,2018,YR2018,,11.6
Malaysia,MYS,2019,YR2019,,12.0
Maldives,MDV,2004,YR2004,,
Maldives,MDV,2005,YR2005,,
Maldives,MDV,2006,YR2006,,
Maldives,MDV,2007,YR2007,,
Maldives,MDV,2008,YR2008,,
Maldives,MDV,2009,YR2009,,
Maldives,MDV,2010,YR2010,,
Maldives,MDV,2011,YR2011,,
Maldives,MDV,2012,YR2012,,
Maldives,MDV,2013,YR2013,,
Maldives,MDV,2014,YR2014,,41.8
Maldives,MDV,2015,YR2015,,33.3
Maldives,MDV,2016,YR2016,,27.3
Maldives,MDV,2017,YR2017,,43.4
Maldives,MDV,2018,YR2018,,44.9
Maldives,MDV,2019,YR2019,,39.4
Mali,MLI,2004,YR2004,,
Mali,MLI,2005,YR2005,,
Mali,MLI,2006,YR2006,,
Mali,MLI,2007,YR2007,,
Mali,MLI,2008,YR2008,,
Mali,MLI,2009,YR2009,,
Mali,MLI,2010,YR2010,,
Mali,MLI,2011,YR2011,,
Mali,MLI,2012,YR2012,,
Mali,MLI,2013,YR2013,,
Mali,MLI,2014,YR2014,,15.8
Mali,MLI,2015,YR2015,,16.3
Mali,MLI,2016,YR2016,,15.3
Mali,MLI,2017,YR2017,,13.9
Mali,MLI,2018,YR2018,,13.6
Mali,MLI,2019,YR2019,,14.2
Malta,MLT,2004,YR2004,,
Malta,MLT,2005,YR2005,,
Malta,MLT,2006,YR2006,,
Malta,MLT,2007,YR2007,,
Malta,MLT,2008,YR2008,,
Malta,MLT,2009,YR2009,,
Malta,MLT,2010,YR2010,,
Malta,MLT,2011,YR2011,,
Malta,MLT,2012,YR2012,,
Malta,MLT,2013,YR2013,,
Malta,MLT,2014,YR2014,,26.6
Malta,MLT,2015,YR2015,,26.8
Malta,MLT,2016,YR2016,,17.6
Malta,MLT,2017,YR2017,,17.9
Malta,MLT,2018,YR2018,,17.0
Malta,MLT,2019,YR2019,,19.0
Marshall Islands,MHL,2004,YR2004,,
Marshall Islands,MHL,2005,YR2005,,
Marshall Islands,MHL,2006,YR2006,,
Marshall Islands,MHL,2007,YR2007,,
Marshall Islands,MHL,2008,YR2008,,
Marshall Islands,MHL,2009,YR2009,,
Marshall Islands,MHL,2010,YR2010,,
Marshall Islands,MHL,2011,YR2011,,
Marshall Islands,MHL,2012,YR2012,,
Marshall Islands,MHL,2013,YR2013,,
Marshall Islands,MHL,2014,YR2014,,49.7
Marshall Islands,MHL,2015,YR2015,,40.6
Marshall Islands,MHL,2016,YR2016,,40.6
Marshall Islands,MHL,2017,YR2017,,40.4
Marshall Islands,MHL,2018,YR2018,,39.1
Marshall Islands,MHL,2019,YR2019,,40.6
Mauritania,MRT,2004,YR2004,,
Mauritania,MRT,2005,YR2005,,
Mauritania,MRT,2006,YR2006,,
Mauritania,MRT,2007,YR2007,,
Mauritania,MRT,2008,YR2008,,
Mauritania,MRT,2009,YR2009,,
Mauritania,MRT,2010,YR2010,,
Mauritania,MRT,2011,YR2011,,
Mauritania,MRT,2012,YR2012,,
Mauritania,MRT,2013,YR2013,,
Mauritania,MRT,2014,YR2014,,21.2
Mauritania,MRT,2015,YR2015,,20.9
Mauritania,MRT,2016,YR2016,,21.3
Mauritania,MRT,2017,YR2017,,19.5
Mauritania,MRT,2018,YR2018,,17.7
Mauritania,MRT,2019,YR2019,,17.6
Mauritius,MUS,2004,YR2004,,
Mauritius,MUS,2005,YR2005,,
Mauritius,MUS,2006,YR2006,,
Mauritius,MUS,2007,YR2007,,
Mauritius,MUS,2008,YR2008,,
Mauritius,MUS,2009,YR2009,,
Mauritius,MUS,2010,YR2010,,
Mauritius,MUS,2011,YR2011,,
Mauritius,MUS,2012,YR2012,,
Mauritius,MUS,2013,YR2013,,
Mauritius,MUS,2014,YR2014,,26.6
Mauritius,MUS,2015,YR2015,,22.9
Mauritius,MUS,2016,YR2016,,21.6
Mauritius,MUS,2017,YR2017,,20.3
Mauritius,MUS,2018,YR2018,,19.6
Mauritius,MUS,2019,YR2019,,20.5
Mexico,MEX,2004,YR2004,,
Mexico,MEX,2005,YR2005,,
Mexico,MEX,2006,YR2006,,
Mexico,MEX,2007,YR2007,,
Mexico,MEX,2008,YR2008,,
Mexico,MEX,2009,YR2009,,
Mexico,MEX,2010,YR2010,,
Mexico,MEX,2011,YR2011,,
Mexico,MEX,2012,YR2012,,
Mexico,MEX,2013,YR2013,,
Mexico,MEX,2014,YR2014,,16.5
Mexico,MEX,2015,YR2015,,13.7
Mexico,MEX,2016,YR2016,,6.8
Mexico,MEX,2017,YR2017,,7.1
Mexico,MEX,2018,YR2018,,11.5
Mexico,MEX,2019,YR2019,,16.5
"Micronesia, Fed. Sts.",FSM,2004,YR2004,,
"Micronesia, Fed. Sts.",FSM,2005,YR2005,,
"Micronesia, Fed. Sts.",FSM,2006,YR2006,,
"Micronesia, Fed. Sts.",FSM,2007,YR2007,,
"Micronesia, Fed. Sts.",FSM,2008,YR2008,,
"Micronesia, Fed. Sts.",FSM,2009,YR2009,,
"Micronesia, Fed. Sts.",FSM,2010,YR2010,,
"Micronesia, Fed. Sts.",FSM,2011,YR2011,,
"Micronesia, Fed. Sts.",FSM,2012,YR2012,,
"Micronesia, Fed. Sts.",FSM,2013,YR2013,,
"Micronesia, Fed. Sts.",FSM,2014,YR2014,,56.0
"Micronesia, Fed. Sts.",FSM,2015,YR2015,,44.0
"Micronesia, Fed. Sts.",FSM,2016,YR2016,,35.1
"Micronesia, Fed. Sts.",FSM,2017,YR2017,,38.8
"Micronesia, Fed. Sts.",FSM,2018,YR2018,,37.8
"Micronesia, Fed. Sts.",FSM,2019,YR2019,,41.4
Moldova,MDA,2004,YR2004,,
Moldova,MDA,2005,YR2005,,
Moldova,MDA,2006,YR2006,,
Moldova,MDA,2007,YR2007,,
Moldova,MDA,2008,YR2008,,
Moldova,MDA,2009,YR2009,,
Moldova,MDA,2010,YR2010,,
Moldova,MDA,2011,YR2011,,
Moldova,MDA,2012,YR2012,,
Moldova,MDA,2013,YR2013,,
Moldova,MDA,2014,YR2014,,11.1
Moldova,MDA,2015,YR2015,,10.3
Moldova,MDA,2016,YR2016,,10.5
Moldova,MDA,2017,YR2017,,9.0
Moldova,MDA,2018,YR2018,,8.8
Moldova,MDA,2019,YR2019,,8.5
Mongolia,MNG,2004,YR2004,,
Mongolia,MNG,2005,YR2005,,
Mongolia,MNG,2006,YR2006,,
Mongolia,MNG,2007,YR2007,,
Mongolia,MNG,2008,YR2008,,
Mongolia,MNG,2009,YR2009,,
Mongolia,MNG,2010,YR2010,,
Mongolia,MNG,2011,YR2011,,
Mongolia,MNG,2012,YR2012,,
Mongolia,MNG,2013,YR2013,,
Mongolia,MNG,2014,YR2014,,6.9
Mongolia,MNG,2015,YR2015,,7.6
Mongolia,MNG,2016,YR2016,,6.9
Mongolia,MNG,2017,YR2017,,6.3
Mongolia,MNG,2018,YR2018,,5.9
Mongolia,MNG,2019,YR2019,,5.6
Montenegro,MNE,2004,YR2004,,
Montenegro,MNE,2005,YR2005,,
Montenegro,MNE,2006,YR2006,,
Montenegro,MNE,2007,YR2007,,
Montenegro,MNE,2008,YR2008,,
Montenegro,MNE,2009,YR2009,,
Montenegro,MNE,2010,YR2010,,
Montenegro,MNE,2011,YR2011,,
Montenegro,MNE,2012,YR2012,,
Montenegro,MNE,2013,YR2013,,
Montenegro,MNE,2014,YR2014,,9.9
Montenegro,MNE,2015,YR2015,,9.6
Montenegro,MNE,2016,YR2016,,13.3
Montenegro,MNE,2017,YR2017,,12.5
Montenegro,MNE,2018,YR2018,,13.3
Montenegro,MNE,2019,YR2019,,14.1
Morocco,MAR,2004,YR2004,,
Morocco,MAR,2005,YR2005,,
Morocco,MAR,2006,YR2006,,
Morocco,MAR,2007,YR2007,,
Morocco,MAR,2008,YR2008,,
Morocco,MAR,2009,YR2009,,
Morocco,MAR,2010,YR2010,,
Morocco,MAR,2011,YR2011,,
Morocco,MAR,2012,YR2012,,
Morocco,MAR,2013,YR2013,,
Morocco,MAR,2014,YR2014,,11.6
Morocco,MAR,2015,YR2015,,13.0
Morocco,MAR,2016,YR2016,,12.8
Morocco,MAR,2017,YR2017,,12.8
Morocco,MAR,2018,YR2018,,12.3
Morocco,MAR,2019,YR2019,,12.4
Mozambique,MOZ,2004,YR2004,,
Mozambique,MOZ,2005,YR2005,,
Mozambique,MOZ,2006,YR2006,,
Mozambique,MOZ,2007,YR2007,,
Mozambique,MOZ,2008,YR2008,,
Mozambique,MOZ,2009,YR2009,,
Mozambique,MOZ,2010,YR2010,,
Mozambique,MOZ,2011,YR2011,,
Mozambique,MOZ,2012,YR2012,,
Mozambique,MOZ,2013,YR2013,,
Mozambique,MOZ,2014,YR2014,,7.1
Mozambique,MOZ,2015,YR2015,,7.0
Mozambique,MOZ,2016,YR2016,,8.5
Mozambique,MOZ,2017,YR2017,,8.9
Mozambique,MOZ,2018,YR2018,,10.4
Mozambique,MOZ,2019,YR2019,,9.6
Myanmar,MMR,2004,YR2004,,
Myanmar,MMR,2005,YR2005,,
Myanmar,MMR,2006,YR2006,,
Myanmar,MMR,2007,YR2007,,
Myanmar,MMR,2008,YR2008,,
Myanmar,MMR,2009,YR2009,,
Myanmar,MMR,2010,YR2010,,
Myanmar,MMR,2011,YR2011,,
Myanmar,MMR,2012,YR2012,,
Myanmar,MMR,2013,YR2013,,
Myanmar,MMR,2014,YR2014,,12.5
Myanmar,MMR,2015,YR2015,,13.0
Myanmar,MMR,2016,YR2016,,10.0
Myanmar,MMR,2017,YR2017,,9.3
Myanmar,MMR,2018,YR2018,,8.3
Myanmar,MMR,2019,YR2019,,8.1
Namibia,NAM,2004,YR2004,,
Namibia,NAM,2005,YR2005,,
Namibia,NAM,2006,YR2006,,
Namibia,NAM,2007,YR2007,,
Namibia,NAM,2008,YR2008,,
Namibia,NAM,2009,YR2009,,
Namibia,NAM,2010,YR2010,,
Namibia,NAM,2011,YR2011,,
Namibia,NAM,2012,YR2012,,
Namibia,NAM,2013,YR2013,,
Namibia,NAM,2014,YR2014,,18.5
Namibia,NAM,2015,YR2015,,18.1
Namibia,NAM,2016,YR2016,,17.3
Namibia,NAM,2017,YR2017,,15.3
Namibia,NAM,2018,YR2018,,13.5
Namibia,NAM,2019,YR2019,,15.1
Nepal,NPL,2004,YR2004,,
Nepal,NPL,2005,YR2005,,
Nepal,NPL,2006,YR2006,,
Nepal,NPL,2007,YR2007,,
Nepal,NPL,2008,YR2008,,
Nepal,NPL,2009,YR2009,,
Nepal,NPL,2010,YR2010,,
Nepal,NPL,2011,YR2011,,
Nepal,NPL,2012,YR2012,,
Nepal,NPL,2013,YR2013,,
Nepal,NPL,2014,YR2014,,12.9
Nepal,NPL,2015,YR2015,,11.4
Nepal,NPL,2016,YR2016,,10.4
Nepal,NPL,2017,YR2017,,13.3
Nepal,NPL,2018,YR2018,,11.4
Nepal,NPL,2019,YR2019,,12.0
Netherlands,NLD,2004,YR2004,,
Netherlands,NLD,2005,YR2005,,
Netherlands,NLD,2006,YR2006,,
Netherlands,NLD,2007,YR2007,,
Netherlands,NLD,2008,YR2008,,
Netherlands,NLD,2009,YR2009,,
Netherlands,NLD,2010,YR2010,,
Netherlands,NLD,2011,YR2011,,
Netherlands,NLD,2012,YR2012,,
Netherlands,NLD,2013,YR2013,,
Netherlands,NLD,2014,YR2014,,12.0
Netherlands,NLD,2015,YR2015,,11.7
Netherlands,NLD,2016,YR2016,,11.6
Netherlands,NLD,2017,YR2017,,10.8
Netherlands,NLD,2018,YR2018,,10.6
Netherlands,NLD,2019,YR2019,,14.4
New Zealand,NZL,2004,YR2004,,
New Zealand,NZL,2005,YR2005,,
New Zealand,NZL,2006,YR2006,,
New Zealand,NZL,2007,YR2007,,
New Zealand,NZL,2008,YR2008,,
New Zealand,NZL,2009,YR2009,,
New Zealand,NZL,2010,YR2010,,
New Zealand,NZL,2011,YR2011,,
New Zealand,NZL,2012,YR2012,,
New Zealand,NZL,2013,YR2013,,
New Zealand,NZL,2014,YR2014,,13.8
New Zealand,NZL,2015,YR2015,,14.3
New Zealand,NZL,2016,YR2016,,13.2
New Zealand,NZL,2017,YR2017,,12.2
New Zealand,NZL,2018,YR2018,,11.5
New Zealand,NZL,2019,YR2019,,12.0
Nicaragua,NIC,2004,YR2004,,
Nicaragua,NIC,2005,YR2005,,
Nicaragua,NIC,2006,YR2006,,
Nicaragua,NIC,2007,YR2007,,
Nicaragua,NIC,2008,YR2008,,
Nicaragua,NIC,2009,YR2009,,
Nicaragua,NIC,2010,YR2010,,
Nicaragua,NIC,2011,YR2011,,
Nicaragua,NIC,2012,YR2012,,
Nicaragua,NIC,2013,YR2013,,
Nicaragua,NIC,2014,YR2014,,36.1
Nicaragua,NIC,2015,YR2015,,35.9
Nicaragua,NIC,2016,YR2016,,33.2
Nicaragua,NIC,2017,YR2017,,33.2
Nicaragua,NIC,2018,YR2018,,33.7
Nicaragua,NIC,2019,YR2019,,33.4
Niger,NER,2004,YR2004,,
Niger,NER,2005,YR2005,,
Niger,NER,2006,YR2006,,
Niger,NER,2007,YR2007,,
Niger,NER,2008,YR2008,,
Niger,NER,2009,YR2009,,
Niger,NER,2010,YR2010,,
Niger,NER,2011,YR2011,,
Niger,NER,2012,YR2012,,
Niger,NER,2013,YR2013,,
Niger,NER,2014,YR2014,,25.5
Niger,NER,2015,YR2015,,25.2
Niger,NER,2016,YR2016,,23.6
Niger,NER,2017,YR2017,,22.1
Niger,NER,2018,YR2018,,19.3
Niger,NER,2019,YR2019,,21.3
Nigeria,NGA,2004,YR2004,,
Nigeria,NGA,2005,YR2005,,
Nigeria,NGA,2006,YR2006,,
Nigeria,NGA,2007,YR2007,,
Nigeria,NGA,2008,YR2008,,
Nigeria,NGA,2009,YR2009,,
Nigeria,NGA,2010,YR2010,,
Nigeria,NGA,2011,YR2011,,
Nigeria,NGA,2012,YR2012,,
Nigeria,NGA,2013,YR2013,,
Nigeria,NGA,2014,YR2014,,15.8
Nigeria,NGA,2015,YR2015,,25.9
Nigeria,NGA,2016,YR2016,,20.1
Nigeria,NGA,2017,YR2017,,16.8
Nigeria,NGA,2018,YR2018,,13.6
Nigeria,NGA,2019,YR2019,,11.9
North Macedonia,MKD,2004,YR2004,,
North Macedonia,MKD,2005,YR2005,,
North Macedonia,MKD,2006,YR2006,,
North Macedonia,MKD,2007,YR2007,,
North Macedonia,MKD,2008,YR2008,,
North Macedonia,MKD,2009,YR2009,,
North Macedonia,MKD,2010,YR2010,,
North Macedonia,MKD,2011,YR2011,,
North Macedonia,MKD,2012,YR2012,,
North Macedonia,MKD,2013,YR2013,,
North Macedonia,MKD,2014,YR2014,,18.4
North Macedonia,MKD,2015,YR2015,,18.2
North Macedonia,MKD,2016,YR2016,,17.0
North Macedonia,MKD,2017,YR2017,,13.4
North Macedonia,MKD,2018,YR2018,,12.8
North Macedonia,MKD,2019,YR2019,,15.5
Norway,NOR,2004,YR2004,,
Norway,NOR,2005,YR2005,,
Norway,NOR,2006,YR2006,,
Norway,NOR,2007,YR2007,,
Norway,NOR,2008,YR2008,,
Norway,NOR,2009,YR2009,,
Norway,NOR,2010,YR2010,,
Norway,NOR,2011,YR2011,,
Norway,NOR,2012,YR2012,,
Norway,NOR,2013,YR2013,,
Norway,NOR,2014,YR2014,,9.7
Norway,NOR,2015,YR2015,,12.9
Norway,NOR,2016,YR2016,,11.3
Norway,NOR,2017,YR2017,,10.1
Norway,NOR,2018,YR2018,,10.0
Norway,NOR,2019,YR2019,,10.1
Oman,OMN,2004,YR2004,,
Oman,OMN,2005,YR2005,,
Oman,OMN,2006,YR2006,,
Oman,OMN,2007,YR2007,,
Oman,OMN,2008,YR2008,,
Oman,OMN,2009,YR2009,,
Oman,OMN,2010,YR2010,,
Oman,OMN,2011,YR2011,,
Oman,OMN,2012,YR2012,,
Oman,OMN,2013,YR2013,,
Oman,OMN,2014,YR2014,,5.3
Oman,OMN,2015,YR2015,,5.3
Oman,OMN,2016,YR2016,,5.9
Oman,OMN,2017,YR2017,,5.3
Oman,OMN,2018,YR2018,,5.1
Oman,OMN,2019,YR2019,,6.0
Pakistan,PAK,2004,YR2004,,
Pakistan,PAK,2005,YR2005,,
Pakistan,PAK,2006,YR2006,,
Pakistan,PAK,2007,YR2007,,
Pakistan,PAK,2008,YR2008,,
Pakistan,PAK,2009,YR2009,,
Pakistan,PAK,2010,YR2010,,
Pakistan,PAK,2011,YR2011,,
Pakistan,PAK,2012,YR2012,,
Pakistan,PAK,2013,YR2013,,
Pakistan,PAK,2014,YR2014,,20.8
Pakistan,PAK,2015,YR2015,,19.3
Pakistan,PAK,2016,YR2016,,19.0
Pakistan,PAK,2017,YR2017,,18.8
Pakistan,PAK,2018,YR2018,,18.7
Pakistan,PAK,2019,YR2019,,21.7
Palau,PLW,2004,YR2004,,
Palau,PLW,2005,YR2005,,
Palau,PLW,2006,YR2006,,
Palau,PLW,2007,YR2007,,
Palau,PLW,2008,YR2008,,
Palau,PLW,2009,YR2009,,
Palau,PLW,2010,YR2010,,
Palau,PLW,2011,YR2011,,
Palau,PLW,2012,YR2012,,
Palau,PLW,2013,YR2013,,
Palau,PLW,2014,YR2014,,41.2
Palau,PLW,2015,YR2015,,26.5
Palau,PLW,2016,YR2016,,25.7
Palau,PLW,2017,YR2017,,26.1
Palau,PLW,2018,YR2018,,31.1
Palau,PLW,2019,YR2019,,32.1
Panama,PAN,2004,YR2004,,
Panama,PAN,2005,YR2005,,
Panama,PAN,2006,YR2006,,
Panama,PAN,2007,YR2007,,
Panama,PAN,2008,YR2008,,
Panama,PAN,2009,YR2009,,
Panama,PAN,2010,YR2010,,
Panama,PAN,2011,YR2011,,
Panama,PAN,2012,YR2012,,
Panama,PAN,2013,YR2013,,
Panama,PAN,2014,YR2014,,24.7
Panama,PAN,2015,YR2015,,24.2
Panama,PAN,2016,YR2016,,24.9
Panama,PAN,2017,YR2017,,21.2
Panama,PAN,2018,YR2018,,18.8
Panama,PAN,2019,YR2019,,25.4
Papua New Guinea,PNG,2004,YR2004,,
Papua New Guinea,PNG,2005,YR2005,,
Papua New Guinea,PNG,2006,YR2006,,
Papua New Guinea,PNG,2007,YR2007,,
Papua New Guinea,PNG,2008,YR2008,,
Papua New Guinea,PNG,2009,YR2009,,
Papua New Guinea,PNG,2010,YR2010,,
Papua New Guinea,PNG,2011,YR2011,,
Papua New Guinea,PNG,2012,YR2012,,
Papua New Guinea,PNG,2013,YR2013,,
Papua New Guinea,PNG,2014,YR2014,,44.3
Papua New Guinea,PNG,2015,YR2015,,40.1
Papua New Guinea,PNG,2016,YR2016,,35.7
Papua New Guinea,PNG,2017,YR2017,,31.5
Papua New Guinea,PNG,2018,YR2018,,30.3
Papua New Guinea,PNG,2019,YR2019,,28.9
Paraguay,PRY,2004,YR2004,,
Paraguay,PRY,2005,YR2005,,
Paraguay,PRY,2006,YR2006,,
Paraguay,PRY,2007,YR2007,,
Paraguay,PRY,2008,YR2008,,
Paraguay,PRY,2009,YR2009,,
Paraguay,PRY,2010,YR2010,,
Paraguay,PRY,2011,YR2011,,
Paraguay,PRY,2012,YR2012,,
Paraguay,PRY,2013,YR2013,,
Paraguay,PRY,2014,YR2014,,6.7
Paraguay,PRY,2015,YR2015,,6.5
Paraguay,PRY,2016,YR2016,,6.2
Paraguay,PRY,2017,YR2017,,7.1
Paraguay,PRY,2018,YR2018,,6.5
Paraguay,PRY,2019,YR2019,,6.6
Peru,PER,2004,YR2004,,
Peru,PER,2005,YR2005,,
Peru,PER,2006,YR2006,,
Peru,PER,2007,YR2007,,
Peru,PER,2008,YR2008,,
Peru,PER,2009,YR2009,,
Peru,PER,2010,YR2010,,
Peru,PER,2011,YR2011,,
Peru,PER,2012,YR2012,,
Peru,PER,2013,YR2013,,
Peru,PER,2014,YR2014,,14.2
Peru,PER,2015,YR2015,,14.5
Peru,PER,2016,YR2016,,13.2
Peru,PER,2017,YR2017,,12.2
Peru,PER,2018,YR2018,,17.1
Peru,PER,2019,YR2019,,19.5
Philippines,PHL,2004,YR2004,,
Philippines,PHL,2005,YR2005,,
Philippines,PHL,2006,YR2006,,
Philippines,PHL,2007,YR2007,,
Philippines,PHL,2008,YR2008,,
Philippines,PHL,2009,YR2009,,
Philippines,PHL,2010,YR2010,,
Philippines,PHL,2011,YR2011,,
Philippines,PHL,2012,YR2012,,
Philippines,PHL,2013,YR2013,,
Philippines,PHL,2014,YR2014,,20.0
Philippines,PHL,2015,YR2015,,19.4
Philippines,PHL,2016,YR2016,,17.6
Philippines,PHL,2017,YR2017,,17.7
Philippines,PHL,2018,YR2018,,16.4
Philippines,PHL,2019,YR2019,,18.1
Poland,POL,2004,YR2004,,
Poland,POL,2005,YR2005,,
Poland,POL,2006,YR2006,,
Poland,POL,2007,YR2007,,
Poland,POL,2008,YR2008,,
Poland,POL,2009,YR2009,,
Poland,POL,2010,YR2010,,
Poland,POL,2011,YR2011,,
Poland,POL,2012,YR2012,,
Poland,POL,2013,YR2013,,
Poland,POL,2014,YR2014,,14.3
Poland,POL,2015,YR2015,,15.2
Poland,POL,2016,YR2016,,15.1
Poland,POL,2017,YR2017,,14.1
Poland,POL,2018,YR2018,,13.2
Poland,POL,2019,YR2019,,13.7
Portugal,PRT,2004,YR2004,,
Portugal,PRT,2005,YR2005,,
Portugal,PRT,2006,YR2006,,
Portugal,PRT,2007,YR2007,,
Portugal,PRT,2008,YR2008,,
Portugal,PRT,2009,YR2009,,
Portugal,PRT,2010,YR2010,,
Portugal,PRT,2011,YR2011,,
Portugal,PRT,2012,YR2012,,
Portugal,PRT,2013,YR2013,,
Portugal,PRT,2014,YR2014,,27.7
Portugal,PRT,2015,YR2015,,29.6
Portugal,PRT,2016,YR2016,,18.3
Portugal,PRT,2017,YR2017,,17.4
Portugal,PRT,2018,YR2018,,25.2
Portugal,PRT,2019,YR2019,,22.2
Puerto Rico,PRI,2004,YR2004,,
Puerto Rico,PRI,2005,YR2005,,
Puerto Rico,PRI,2006,YR2006,,
Puerto Rico,PRI,2007,YR2007,,
Puerto Rico,PRI,2008,YR2008,,
Puerto Rico,PRI,2009,YR2009,,
Puerto Rico,PRI,2010,YR2010,,
Puerto Rico,PRI,2011,YR2011,,
Puerto Rico,PRI,2012,YR2012,,
Puerto Rico,PRI,2013,YR2013,,
Puerto Rico,PRI,2014,YR2014,,29.2
Puerto Rico,PRI,2015,YR2015,,24.0
Puerto Rico,PRI,2016,YR2016,,24.5
Puerto Rico,PRI,2017,YR2017,,24.5
Puerto Rico,PRI,2018,YR2018,,24.5
Puerto Rico,PRI,2019,YR2019,,24.3
Qatar,QAT,2004,YR2004,,
Qatar,QAT,2005,YR2005,,
Qatar,QAT,2006,YR2006,,
Qatar,QAT,2007,YR2007,,
Qatar,QAT,2008,YR2008,,
Qatar,QAT,2009,YR2009,,
Qatar,QAT,2010,YR2010,,
Qatar,QAT,2011,YR2011,,
Qatar,QAT,2012,YR2012,,
Qatar,QAT,2013,YR2013,,
Qatar,QAT,2014,YR2014,,3.3
Qatar,QAT,2015,YR2015,,3.5
Qatar,QAT,2016,YR2016,,4.8
Qatar,QAT,2017,YR2017,,4.1
Qatar,QAT,2018,YR2018,,4.0
Qatar,QAT,2019,YR2019,,3.7
Romania,ROU,2004,YR2004,,
Romania,ROU,2005,YR2005,,
Romania,ROU,2006,YR2006,,
Romania,ROU,2007,YR2007,,
Romania,ROU,2008,YR2008,,
Romania,ROU,2009,YR2009,,
Romania,ROU,2010,YR2010,,
Romania,ROU,2011,YR2011,,
Romania,ROU,2012,YR2012,,
Romania,ROU,2013,YR2013,,
Romania,ROU,2014,YR2014,,9.1
Romania,ROU,2015,YR2015,,8.7
Romania,ROU,2016,YR2016,,8.5
Romania,ROU,2017,YR2017,,8.0
Romania,ROU,2018,YR2018,,5.9
Romania,ROU,2019,YR2019,,9.2
Russian Federation,RUS,2004,YR2004,,
Russian Federation,RUS,2005,YR2005,,
Russian Federation,RUS,2006,YR2006,,
Russian Federation,RUS,2007,YR2007,,
Russian Federation,RUS,2008,YR2008,,
Russian Federation,RUS,2009,YR2009,,
Russian Federation,RUS,2010,YR2010,,
Russian Federation,RUS,2011,YR2011,,
Russian Federation,RUS,2012,YR2012,,
Russian Federation,RUS,2013,YR2013,,
Russian Federation,RUS,2014,YR2014,,12.0
Russian Federation,RUS,2015,YR2015,,11.2
Russian Federation,RUS,2016,YR2016,,9.8
Russian Federation,RUS,2017,YR2017,,7.8
Russian Federation,RUS,2018,YR2018,,8.2
Russian Federation,RUS,2019,YR2019,,8.4
Rwanda,RWA,2004,YR2004,,
Rwanda,RWA,2005,YR2005,,
Rwanda,RWA,2006,YR2006,,
Rwanda,RWA,2007,YR2007,,
Rwanda,RWA,2008,YR2008,,
Rwanda,RWA,2009,YR2009,,
Rwanda,RWA,2010,YR2010,,
Rwanda,RWA,2011,YR2011,,
Rwanda,RWA,2012,YR2012,,
Rwanda,RWA,2013,YR2013,,
Rwanda,RWA,2014,YR2014,,19.5
Rwanda,RWA,2015,YR2015,,18.8
Rwanda,RWA,2016,YR2016,,17.9
Rwanda,RWA,2017,YR2017,,16.4
Rwanda,RWA,2018,YR2018,,13.9
Rwanda,RWA,2019,YR2019,,13.7
Samoa,WSM,2004,YR2004,,
Samoa,WSM,2005,YR2005,,
Samoa,WSM,2006,YR2006,,
Samoa,WSM,2007,YR2007,,
Samoa,WSM,2008,YR2008,,
Samoa,WSM,2009,YR2009,,
Samoa,WSM,2010,YR2010,,
Samoa,WSM,2011,YR2011,,
Samoa,WSM,2012,YR2012,,
Samoa,WSM,2013,YR2013,,
Samoa,WSM,2014,YR2014,,41.2
Samoa,WSM,2015,YR2015,,41.3
Samoa,WSM,2016,YR2016,,37.1
Samoa,WSM,2017,YR2017,,36.7
Samoa,WSM,2018,YR2018,,39.1
Samoa,WSM,2019,YR2019,,38.5
San Marino,SMR,2004,YR2004,,
San Marino,SMR,2005,YR2005,,
San Marino,SMR,2006,YR2006,,
San Marino,SMR,2007,YR2007,,
San Marino,SMR,2008,YR2008,,
San Marino,SMR,2009,YR2009,,
San Marino,SMR,2010,YR2010,,
San Marino,SMR,2011,YR2011,,
San Marino,SMR,2012,YR2012,,
San Marino,SMR,2013,YR2013,,
San Marino,SMR,2014,YR2014,,16.3
San Marino,SMR,2015,YR2015,,16.4
San Marino,SMR,2016,YR2016,,13.7
San Marino,SMR,2017,YR2017,,13.7
San Marino,SMR,2018,YR2018,,13.8
San Marino,SMR,2019,YR2019,,15.5
São Tomé and Principe,STP,2004,YR2004,,
São Tomé and Principe,STP,2005,YR2005,,
São Tomé and Principe,STP,2006,YR2006,,
São Tomé and Principe,STP,2007,YR2007,,
São Tomé and Principe,STP,2008,YR2008,,
São Tomé and Principe,STP,2009,YR2009,,
São Tomé and Principe,STP,2010,YR2010,,
São Tomé and Principe,STP,2011,YR2011,,
São Tomé and Principe,STP,2012,YR2012,,
São Tomé and Principe,STP,2013,YR2013,,
São Tomé and Principe,STP,2014,YR2014,,35.1
São Tomé and Principe,STP,2015,YR2015,,35.7
São Tomé and Principe,STP,2016,YR2016,,31.8
São Tomé and Principe,STP,2017,YR2017,,17.9
São Tomé and Principe,STP,2018,YR2018,,17.0
São Tomé and Principe,STP,2019,YR2019,,18.3
Saudi Arabia,SAU,2004,YR2004,,
Saudi Arabia,SAU,2005,YR2005,,
Saudi Arabia,SAU,2006,YR2006,,
Saudi Arabia,SAU,2007,YR2007,,
Saudi Arabia,SAU,2008,YR2008,,
Saudi Arabia,SAU,2009,YR2009,,
Saudi Arabia,SAU,2010,YR2010,,
Saudi Arabia,SAU,2011,YR2011,,
Saudi Arabia,SAU,2012,YR2012,,
Saudi Arabia,SAU,2013,YR2013,,
Saudi Arabia,SAU,2014,YR2014,,6.2
Saudi Arabia,SAU,2015,YR2015,,6.3
Saudi Arabia,SAU,2016,YR2016,,9.0
Saudi Arabia,SAU,2017,YR2017,,8.5
Saudi Arabia,SAU,2018,YR2018,,7.6
Saudi Arabia,SAU,2019,YR2019,,7.4
Senegal,SEN,2004,YR2004,,
Senegal,SEN,2005,YR2005,,
Senegal,SEN,2006,YR2006,,
Senegal,SEN,2007,YR2007,,
Senegal,SEN,2008,YR2008,,
Senegal,SEN,2009,YR2009,,
Senegal,SEN,2010,YR2010,,
Senegal,SEN,2011,YR2011,,
Senegal,SEN,2012,YR2012,,
Senegal,SEN,2013,YR2013,,
Senegal,SEN,2014,YR2014,,23.1
Senegal,SEN,2015,YR2015,,22.6
Senegal,SEN,2016,YR2016,,21.3
Senegal,SEN,2017,YR2017,,17.7
Senegal,SEN,2018,YR2018,,17.3
Senegal,SEN,2019,YR2019,,18.2
Serbia,SRB,2004,YR2004,,
Serbia,SRB,2005,YR2005,,
Serbia,SRB,2006,YR2006,,
Serbia,SRB,2007,YR2007,,
Serbia,SRB,2008,YR2008,,
Serbia,SRB,2009,YR2009,,
Serbia,SRB,2010,YR2010,,
Serbia,SRB,2011,YR2011,,
Serbia,SRB,2012,YR2012,,
Serbia,SRB,2013,YR2013,,
Serbia,SRB,2014,YR2014,,16.3
Serbia,SRB,2015,YR2015,,15.6
Serbia,SRB,2016,YR2016,,6.8
Serbia,SRB,2017,YR2017,,6.6
Serbia,SRB,2018,YR2018,,7.3
Serbia,SRB,2019,YR2019,,10.7
Seychelles,SYC,2004,YR2004,,
Seychelles,SYC,2005,YR2005,,
Seychelles,SYC,2006,YR2006,,
Seychelles,SYC,2007,YR2007,,
Seychelles,SYC,2008,YR2008,,
Seychelles,SYC,2009,YR2009,,
Seychelles,SYC,2010,YR2010,,
Seychelles,SYC,2011,YR2011,,
Seychelles,SYC,2012,YR2012,,
Seychelles,SYC,2013,YR2013,,
Seychelles,SYC,2014,YR2014,,35.9
Seychelles,SYC,2015,YR2015,,37.1
Seychelles,SYC,2016,YR2016,,28.5
Seychelles,SYC,2017,YR2017,,31.0
Seychelles,SYC,2018,YR2018,,31.1
Seychelles,SYC,2019,YR2019,,32.1
Sierra Leone,SLE,2004,YR2004,,
Sierra Leone,SLE,2005,YR2005,,
Sierra Leone,SLE,2006,YR2006,,
Sierra Leone,SLE,2007,YR2007,,
Sierra Leone,SLE,2008,YR2008,,
Sierra Leone,SLE,2009,YR2009,,
Sierra Leone,SLE,2010,YR2010,,
Sierra Leone,SLE,2011,YR2011,,
Sierra Leone,SLE,2012,YR2012,,
Sierra Leone,SLE,2013,YR2013,,
Sierra Leone,SLE,2014,YR2014,,30.3
Sierra Leone,SLE,2015,YR2015,,32.3
Sierra Leone,SLE,2016,YR2016,,25.9
Sierra Leone,SLE,2017,YR2017,,24.1
Sierra Leone,SLE,2018,YR2018,,20.4
Sierra Leone,SLE,2019,YR2019,,18.0
Singapore,SGP,2004,YR2004,,
Singapore,SGP,2005,YR2005,,
Singapore,SGP,2006,YR2006,,
Singapore,SGP,2007,YR2007,,
Singapore,SGP,2008,YR2008,,
Singapore,SGP,2009,YR2009,,
Singapore,SGP,2010,YR2010,,
Singapore,SGP,2011,YR2011,,
Singapore,SGP,2012,YR2012,,
Singapore,SGP,2013,YR2013,,
Singapore,SGP,2014,YR2014,,16.8
Singapore,SGP,2015,YR2015,,11.3
Singapore,SGP,2016,YR2016,,8.1
Singapore,SGP,2017,YR2017,,10.0
Singapore,SGP,2018,YR2018,,10.2
Singapore,SGP,2019,YR2019,,5.5
Slovak Republic,SVK,2004,YR2004,,
Slovak Republic,SVK,2005,YR2005,,
Slovak Republic,SVK,2006,YR2006,,
Slovak Republic,SVK,2007,YR2007,,
Slovak Republic,SVK,2008,YR2008,,
Slovak Republic,SVK,2009,YR2009,,
Slovak Republic,SVK,2010,YR2010,,
Slovak Republic,SVK,2011,YR2011,,
Slovak Republic,SVK,2012,YR2012,,
Slovak Republic,SVK,2013,YR2013,,
Slovak Republic,SVK,2014,YR2014,,16.1
Slovak Republic,SVK,2015,YR2015,,15.5
Slovak Republic,SVK,2016,YR2016,,14.3
Slovak Republic,SVK,2017,YR2017,,12.9
Slovak Republic,SVK,2018,YR2018,,11.6
Slovak Republic,SVK,2019,YR2019,,15.6
Slovenia,SVN,2004,YR2004,,
Slovenia,SVN,2005,YR2005,,
Slovenia,SVN,2006,YR2006,,
Slovenia,SVN,2007,YR2007,,
Slovenia,SVN,2008,YR2008,,
Slovenia,SVN,2009,YR2009,,
Slovenia,SVN,2010,YR2010,,
Slovenia,SVN,2011,YR2011,,
Slovenia,SVN,2012,YR2012,,
Slovenia,SVN,2013,YR2013,,
Slovenia,SVN,2014,YR2014,,13.3
Slovenia,SVN,2015,YR2015,,13.9
Slovenia,SVN,2016,YR2016,,14.7
Slovenia,SVN,2017,YR2017,,13.8
Slovenia,SVN,2018,YR2018,,14.6
Slovenia,SVN,2019,YR2019,,26.6
Solomon Islands,SLB,2004,YR2004,,
Solomon Islands,SLB,2005,YR2005,,
Solomon Islands,SLB,2006,YR2006,,
Solomon Islands,SLB,2007,YR2007,,
Solomon Islands,SLB,2008,YR2008,,
Solomon Islands,SLB,2009,YR2009,,
Solomon Islands,SLB,2010,YR2010,,
Solomon Islands,SLB,2011,YR2011,,
Solomon Islands,SLB,2012,YR2012,,
Solomon Islands,SLB,2013,YR2013,,
Solomon Islands,SLB,2014,YR2014,,98.7
Solomon Islands,SLB,2015,YR2015,,99.9
Solomon Islands,SLB,2016,YR2016,,96.0
Solomon Islands,SLB,2017,YR2017,,67.9
Solomon Islands,SLB,2018,YR2018,,67.4
Solomon Islands,SLB,2019,YR2019,,71.6
Somalia,SOM,2004,YR2004,,
Somalia,SOM,2005,YR2005,,
Somalia,SOM,2006,YR2006,,
Somalia,SOM,2007,YR2007,,
Somalia,SOM,2008,YR2008,,
Somalia,SOM,2009,YR2009,,
Somalia,SOM,2010,YR2010,,
Somalia,SOM,2011,YR2011,,
Somalia,SOM,2012,YR2012,,
Somalia,SOM,2013,YR2013,,
Somalia,SOM,2014,YR2014,,
Somalia,SOM,2015,YR2015,,
Somalia,SOM,2016,YR2016,,
Somalia,SOM,2017,YR2017,,
Somalia,SOM,2018,YR2018,,
Somalia,SOM,2019,YR2019,,
South Africa,ZAF,2004,YR2004,,
South Africa,ZAF,2005,YR2005,,
South Africa,ZAF,2006,YR2006,,
South Africa,ZAF,2007,YR2007,,
South Africa,ZAF,2008,YR2008,,
South Africa,ZAF,2009,YR2009,,
South Africa,ZAF,2010,YR2010,,
South Africa,ZAF,2011,YR2011,,
South Africa,ZAF,2012,YR2012,,
South Africa,ZAF,2013,YR2013,,
South Africa,ZAF,2014,YR2014,,9.9
South Africa,ZAF,2015,YR2015,,9.3
South Africa,ZAF,2016,YR2016,,15.4
South Africa,ZAF,2017,YR2017,,15.1
South Africa,ZAF,2018,YR2018,,14.8
South Africa,ZAF,2019,YR2019,,16.1
South Sudan,SSD,2004,YR2004,,
South Sudan,SSD,2005,YR2005,,
South Sudan,SSD,2006,YR2006,,
South Sudan,SSD,2007,YR2007,,
South Sudan,SSD,2008,YR2008,,
South Sudan,SSD,2009,YR2009,,
South Sudan,SSD,2010,YR2010,,
South Sudan,SSD,2011,YR2011,,
South Sudan,SSD,2012,YR2012,,
South Sudan,SSD,2013,YR2013,,
South Sudan,SSD,2014,YR2014,,22.0
South Sudan,SSD,2015,YR2015,,
South Sudan,SSD,2016,YR2016,,
South Sudan,SSD,2017,YR2017,,
South Sudan,SSD,2018,YR2018,,
South Sudan,SSD,2019,YR2019,,
Spain,ESP,2004,YR2004,,
Spain,ESP,2005,YR2005,,
Spain,ESP,2006,YR2006,,
Spain,ESP,2007,YR2007,,
Spain,ESP,2008,YR2008,,
Spain,ESP,2009,YR2009,,
Spain,ESP,2010,YR2010,,
Spain,ESP,2011,YR2011,,
Spain,ESP,2012,YR2012,,
Spain,ESP,2013,YR2013,,
Spain,ESP,2014,YR2014,,23.1
Spain,ESP,2015,YR2015,,25.1
Spain,ESP,2016,YR2016,,15.9
Spain,ESP,2017,YR2017,,19.1
Spain,ESP,2018,YR2018,,24.8
Spain,ESP,2019,YR2019,,26.0
Sri Lanka,LKA,2004,YR2004,,
Sri Lanka,LKA,2005,YR2005,,
Sri Lanka,LKA,2006,YR2006,,
Sri Lanka,LKA,2007,YR2007,,
Sri Lanka,LKA,2008,YR2008,,
Sri Lanka,LKA,2009,YR2009,,
Sri Lanka,LKA,2010,YR2010,,
Sri Lanka,LKA,2011,YR2011,,
Sri Lanka,LKA,2012,YR2012,,
Sri Lanka,LKA,2013,YR2013,,
Sri Lanka,LKA,2014,YR2014,,24.2
Sri Lanka,LKA,2015,YR2015,,20.3
Sri Lanka,LKA,2016,YR2016,,20.1
Sri Lanka,LKA,2017,YR2017,,20.1
Sri Lanka,LKA,2018,YR2018,,16.9
Sri Lanka,LKA,2019,YR2019,,17.3
St. Kitts and Nevis,KNA,2004,YR2004,,
St. Kitts and Nevis,KNA,2005,YR2005,,
St. Kitts and Nevis,KNA,2006,YR2006,,
St. Kitts and Nevis,KNA,2007,YR2007,,
St. Kitts and Nevis,KNA,2008,YR2008,,
St. Kitts and Nevis,KNA,2009,YR2009,,
St. Kitts and Nevis,KNA,2010,YR2010,,
St. Kitts and Nevis,KNA,2011,YR2011,,
St. Kitts and Nevis,KNA,2012,YR2012,,
St. Kitts and Nevis,KNA,2013,YR2013,,
St. Kitts and Nevis,KNA,2014,YR2014,,40.1
St. Kitts and Nevis,KNA,2015,YR2015,,30.4
St. Kitts and Nevis,KNA,2016,YR2016,,29.7
St. Kitts and Nevis,KNA,2017,YR2017,,30.0
St. Kitts and Nevis,KNA,2018,YR2018,,29.7
St. Kitts and Nevis,KNA,2019,YR2019,,30.6
St. Lucia,LCA,2004,YR2004,,
St. Lucia,LCA,2005,YR2005,,
St. Lucia,LCA,2006,YR2006,,
St. Lucia,LCA,2007,YR2007,,
St. Lucia,LCA,2008,YR2008,,
St. Lucia,LCA,2009,YR2009,,
St. Lucia,LCA,2010,YR2010,,
St. Lucia,LCA,2011,YR2011,,
St. Lucia,LCA,2012,YR2012,,
St. Lucia,LCA,2013,YR2013,,
St. Lucia,LCA,2014,YR2014,,37.8
St. Lucia,LCA,2015,YR2015,,36.8
St. Lucia,LCA,2016,YR2016,,28.1
St. Lucia,LCA,2017,YR2017,,31.5
St. Lucia,LCA,2018,YR2018,,30.9
St. Lucia,LCA,2019,YR2019,,32.1
St. Vincent and the Grenadines,VCT,2004,YR2004,,
St. Vincent and the Grenadines,VCT,2005,YR2005,,
St. Vincent and the Grenadines,VCT,2006,YR2006,,
St. Vincent and the Grenadines,VCT,2007,YR2007,,
St. Vincent and the Grenadines,VCT,2008,YR2008,,
St. Vincent and the Grenadines,VCT,2009,YR2009,,
St. Vincent and the Grenadines,VCT,2010,YR2010,,
St. Vincent and the Grenadines,VCT,2011,YR2011,,
St. Vincent and the Grenadines,VCT,2012,YR2012,,
St. Vincent and the Grenadines,VCT,2013,YR2013,,
St. Vincent and the Grenadines,VCT,2014,YR2014,,40.8
St. Vincent and the Grenadines,VCT,2015,YR2015,,30.1
St. Vincent and the Grenadines,VCT,2016,YR2016,,29.8
St. Vincent and the Grenadines,VCT,2017,YR2017,,29.7
St. Vincent and the Grenadines,VCT,2018,YR2018,,31.5
St. Vincent and the Grenadines,VCT,2019,YR2019,,34.6
Sudan,SDN,2004,YR2004,,
Sudan,SDN,2005,YR2005,,
Sudan,SDN,2006,YR2006,,
Sudan,SDN,2007,YR2007,,
Sudan,SDN,2008,YR2008,,
Sudan,SDN,2009,YR2009,,
Sudan,SDN,2010,YR2010,,
Sudan,SDN,2011,YR2011,,
Sudan,SDN,2012,YR2012,,
Sudan,SDN,2013,YR2013,,
Sudan,SDN,2014,YR2014,,6.6
Sudan,SDN,2015,YR2015,,5.6
Sudan,SDN,2016,YR2016,,5.1
Sudan,SDN,2017,YR2017,,5.4
Sudan,SDN,2018,YR2018,,4.4
Sudan,SDN,2019,YR2019,,2.4
Suriname,SUR,2004,YR2004,,
Suriname,SUR,2005,YR2005,,
Suriname,SUR,2006,YR2006,,
Suriname,SUR,2007,YR2007,,
Suriname,SUR,2008,YR2008,,
Suriname,SUR,2009,YR2009,,
Suriname,SUR,2010,YR2010,,
Suriname,SUR,2011,YR2011,,
Suriname,SUR,2012,YR2012,,
Suriname,SUR,2013,YR2013,,
Suriname,SUR,2014,YR2014,,7.0
Suriname,SUR,2015,YR2015,,7.2
Suriname,SUR,2016,YR2016,,15.4
Suriname,SUR,2017,YR2017,,9.1
Suriname,SUR,2018,YR2018,,7.3
Suriname,SUR,2019,YR2019,,7.2
Sweden,SWE,2004,YR2004,,
Sweden,SWE,2005,YR2005,,
Sweden,SWE,2006,YR2006,,
Sweden,SWE,2007,YR2007,,
Sweden,SWE,2008,YR2008,,
Sweden,SWE,2009,YR2009,,
Sweden,SWE,2010,YR2010,,
Sweden,SWE,2011,YR2011,,
Sweden,SWE,2012,YR2012,,
Sweden,SWE,2013,YR2013,,
Sweden,SWE,2014,YR2014,,13.7
Sweden,SWE,2015,YR2015,,13.3
Sweden,SWE,2016,YR2016,,12.0
Sweden,SWE,2017,YR2017,,11.0
Sweden,SWE,2018,YR2018,,10.2
Sweden,SWE,2019,YR2019,,10.4
Switzerland,CHE,2004,YR2004,,
Switzerland,CHE,2005,YR2005,,
Switzerland,CHE,2006,YR2006,,
Switzerland,CHE,2007,YR2007,,
Switzerland,CHE,2008,YR2008,,
Switzerland,CHE,2009,YR2009,,
Switzerland,CHE,2010,YR2010,,
Switzerland,CHE,2011,YR2011,,
Switzerland,CHE,2012,YR2012,,
Switzerland,CHE,2013,YR2013,,
Switzerland,CHE,2014,YR2014,,17.4
Switzerland,CHE,2015,YR2015,,16.1
Switzerland,CHE,2016,YR2016,,15.0
Switzerland,CHE,2017,YR2017,,12.5
Switzerland,CHE,2018,YR2018,,12.3
Switzerland,CHE,2019,YR2019,,13.6
Syrian Arab Republic,SYR,2004,YR2004,,
Syrian Arab Republic,SYR,2005,YR2005,,
Syrian Arab Republic,SYR,2006,YR2006,,
Syrian Arab Republic,SYR,2007,YR2007,,
Syrian Arab Republic,SYR,2008,YR2008,,
Syrian Arab Republic,SYR,2009,YR2009,,
Syrian Arab Republic,SYR,2010,YR2010,,
Syrian Arab Republic,SYR,2011,YR2011,,
Syrian Arab Republic,SYR,2012,YR2012,,
Syrian Arab Republic,SYR,2013,YR2013,,
Syrian Arab Republic,SYR,2014,YR2014,,18.6
Syrian Arab Republic,SYR,2015,YR2015,,8.1
Syrian Arab Republic,SYR,2016,YR2016,,11.5
Syrian Arab Republic,SYR,2017,YR2017,,7.4
Syrian Arab Republic,SYR,2018,YR2018,,6.7
Syrian Arab Republic,SYR,2019,YR2019,,7.8
"Taiwan, China",TWN,2004,YR2004,,
"Taiwan, China",TWN,2005,YR2005,,
"Taiwan, China",TWN,2006,YR2006,,
"Taiwan, China",TWN,2007,YR2007,,
"Taiwan, China",TWN,2008,YR2008,,
"Taiwan, China",TWN,2009,YR2009,,
"Taiwan, China",TWN,2010,YR2010,,
"Taiwan, China",TWN,2011,YR2011,,
"Taiwan, China",TWN,2012,YR2012,,
"Taiwan, China",TWN,2013,YR2013,,
"Taiwan, China",TWN,2014,YR2014,,14.4
"Taiwan, China",TWN,2015,YR2015,,14.1
"Taiwan, China",TWN,2016,YR2016,,12.3
"Taiwan, China",TWN,2017,YR2017,,10.9
"Taiwan, China",TWN,2018,YR2018,,11.9
"Taiwan, China",TWN,2019,YR2019,,11.7
Tajikistan,TJK,2004,YR2004,,
Tajikistan,TJK,2005,YR2005,,
Tajikistan,TJK,2006,YR2006,,
Tajikistan,TJK,2007,YR2007,,
Tajikistan,TJK,2008,YR2008,,
Tajikistan,TJK,2009,YR2009,,
Tajikistan,TJK,2010,YR2010,,
Tajikistan,TJK,2011,YR2011,,
Tajikistan,TJK,2012,YR2012,,
Tajikistan,TJK,2013,YR2013,,
Tajikistan,TJK,2014,YR2014,,6.7
Tajikistan,TJK,2015,YR2015,,7.6
Tajikistan,TJK,2016,YR2016,,8.2
Tajikistan,TJK,2017,YR2017,,6.8
Tajikistan,TJK,2018,YR2018,,6.4
Tajikistan,TJK,2019,YR2019,,6.3
Tanzania,TZA,2004,YR2004,,
Tanzania,TZA,2005,YR2005,,
Tanzania,TZA,2006,YR2006,,
Tanzania,TZA,2007,YR2007,,
Tanzania,TZA,2008,YR2008,,
Tanzania,TZA,2009,YR2009,,
Tanzania,TZA,2010,YR2010,,
Tanzania,TZA,2011,YR2011,,
Tanzania,TZA,2012,YR2012,,
Tanzania,TZA,2013,YR2013,,
Tanzania,TZA,2014,YR2014,,16.6
Tanzania,TZA,2015,YR2015,,16.7
Tanzania,TZA,2016,YR2016,,15.1
Tanzania,TZA,2017,YR2017,,13.6
Tanzania,TZA,2018,YR2018,,12.6
Tanzania,TZA,2019,YR2019,,12.6
Thailand,THA,2004,YR2004,,
Thailand,THA,2005,YR2005,,
Thailand,THA,2006,YR2006,,
Thailand,THA,2007,YR2007,,
Thailand,THA,2008,YR2008,,
Thailand,THA,2009,YR2009,,
Thailand,THA,2010,YR2010,,
Thailand,THA,2011,YR2011,,
Thailand,THA,2012,YR2012,,
Thailand,THA,2013,YR2013,,
Thailand,THA,2014,YR2014,,17.1
Thailand,THA,2015,YR2015,,16.7
Thailand,THA,2016,YR2016,,15.0
Thailand,THA,2017,YR2017,,12.6
Thailand,THA,2018,YR2018,,12.6
Thailand,THA,2019,YR2019,,13.7
Timor-Leste,TLS,2004,YR2004,,
Timor-Leste,TLS,2005,YR2005,,
Timor-Leste,TLS,2006,YR2006,,
Timor-Leste,TLS,2007,YR2007,,
Timor-Leste,TLS,2008,YR2008,,
Timor-Leste,TLS,2009,YR2009,,
Timor-Leste,TLS,2010,YR2010,,
Timor-Leste,TLS,2011,YR2011,,
Timor-Leste,TLS,2012,YR2012,,
Timor-Leste,TLS,2013,YR2013,,
Timor-Leste,TLS,2014,YR2014,,21.9
Timor-Leste,TLS,2015,YR2015,,23.5
Timor-Leste,TLS,2016,YR2016,,24.0
Timor-Leste,TLS,2017,YR2017,,24.0
Timor-Leste,TLS,2018,YR2018,,21.5
Timor-Leste,TLS,2019,YR2019,,23.4
Togo,TGO,2004,YR2004,,
Togo,TGO,2005,YR2005,,
Togo,TGO,2006,YR2006,,
Togo,TGO,2007,YR2007,,
Togo,TGO,2008,YR2008,,
Togo,TGO,2009,YR2009,,
Togo,TGO,2010,YR2010,,
Togo,TGO,2011,YR2011,,
Togo,TGO,2012,YR2012,,
Togo,TGO,2013,YR2013,,
Togo,TGO,2014,YR2014,,21.4
Togo,TGO,2015,YR2015,,21.7
Togo,TGO,2016,YR2016,,19.8
Togo,TGO,2017,YR2017,,18.4
Togo,TGO,2018,YR2018,,17.0
Togo,TGO,2019,YR2019,,17.6
Tonga,TON,2004,YR2004,,
Tonga,TON,2005,YR2005,,
Tonga,TON,2006,YR2006,,
Tonga,TON,2007,YR2007,,
Tonga,TON,2008,YR2008,,
Tonga,TON,2009,YR2009,,
Tonga,TON,2010,YR2010,,
Tonga,TON,2011,YR2011,,
Tonga,TON,2012,YR2012,,
Tonga,TON,2013,YR2013,,
Tonga,TON,2014,YR2014,,52.2
Tonga,TON,2015,YR2015,,41.6
Tonga,TON,2016,YR2016,,33.2
Tonga,TON,2017,YR2017,,39.9
Tonga,TON,2018,YR2018,,38.5
Tonga,TON,2019,YR2019,,36.2
Trinidad and Tobago,TTO,2004,YR2004,,
Trinidad and Tobago,TTO,2005,YR2005,,
Trinidad and Tobago,TTO,2006,YR2006,,
Trinidad and Tobago,TTO,2007,YR2007,,
Trinidad and Tobago,TTO,2008,YR2008,,
Trinidad and Tobago,TTO,2009,YR2009,,
Trinidad and Tobago,TTO,2010,YR2010,,
Trinidad and Tobago,TTO,2011,YR2011,,
Trinidad and Tobago,TTO,2012,YR2012,,
Trinidad and Tobago,TTO,2013,YR2013,,
Trinidad and Tobago,TTO,2014,YR2014,,7.2
Trinidad and Tobago,TTO,2015,YR2015,,7.2
Trinidad and Tobago,TTO,2016,YR2016,,7.2
Trinidad and Tobago,TTO,2017,YR2017,,7.3
Trinidad and Tobago,TTO,2018,YR2018,,6.7
Trinidad and Tobago,TTO,2019,YR2019,,6.6
Tunisia,TUN,2004,YR2004,,
Tunisia,TUN,2005,YR2005,,
Tunisia,TUN,2006,YR2006,,
Tunisia,TUN,2007,YR2007,,
Tunisia,TUN,2008,YR2008,,
Tunisia,TUN,2009,YR2009,,
Tunisia,TUN,2010,YR2010,,
Tunisia,TUN,2011,YR2011,,
Tunisia,TUN,2012,YR2012,,
Tunisia,TUN,2013,YR2013,,
Tunisia,TUN,2014,YR2014,,10.1
Tunisia,TUN,2015,YR2015,,10.4
Tunisia,TUN,2016,YR2016,,9.6
Tunisia,TUN,2017,YR2017,,9.0
Tunisia,TUN,2018,YR2018,,9.7
Tunisia,TUN,2019,YR2019,,7.7
Turkey,TUR,2004,YR2004,,
Turkey,TUR,2005,YR2005,,
Turkey,TUR,2006,YR2006,,
Turkey,TUR,2007,YR2007,,
Turkey,TUR,2008,YR2008,,
Turkey,TUR,2009,YR2009,,
Turkey,TUR,2010,YR2010,,
Turkey,TUR,2011,YR2011,,
Turkey,TUR,2012,YR2012,,
Turkey,TUR,2013,YR2013,,
Turkey,TUR,2014,YR2014,,14.2
Turkey,TUR,2015,YR2015,,14.0
Turkey,TUR,2016,YR2016,,14.2
Turkey,TUR,2017,YR2017,,12.1
Turkey,TUR,2018,YR2018,,10.1
Turkey,TUR,2019,YR2019,,8.9
Uganda,UGA,2004,YR2004,,
Uganda,UGA,2005,YR2005,,
Uganda,UGA,2006,YR2006,,
Uganda,UGA,2007,YR2007,,
Uganda,UGA,2008,YR2008,,
Uganda,UGA,2009,YR2009,,
Uganda,UGA,2010,YR2010,,
Uganda,UGA,2011,YR2011,,
Uganda,UGA,2012,YR2012,,
Uganda,UGA,2013,YR2013,,
Uganda,UGA,2014,YR2014,,19.3
Uganda,UGA,2015,YR2015,,20.9
Uganda,UGA,2016,YR2016,,22.7
Uganda,UGA,2017,YR2017,,16.5
Uganda,UGA,2018,YR2018,,17.1
Uganda,UGA,2019,YR2019,,16.9
Ukraine,UKR,2004,YR2004,,
Ukraine,UKR,2005,YR2005,,
Ukraine,UKR,2006,YR2006,,
Ukraine,UKR,2007,YR2007,,
Ukraine,UKR,2008,YR2008,,
Ukraine,UKR,2009,YR2009,,
Ukraine,UKR,2010,YR2010,,
Ukraine,UKR,2011,YR2011,,
Ukraine,UKR,2012,YR2012,,
Ukraine,UKR,2013,YR2013,,
Ukraine,UKR,2014,YR2014,,12.5
Ukraine,UKR,2015,YR2015,,13.6
Ukraine,UKR,2016,YR2016,,9.1
Ukraine,UKR,2017,YR2017,,6.9
Ukraine,UKR,2018,YR2018,,7.1
Ukraine,UKR,2019,YR2019,,6.4
United Arab Emirates,ARE,2004,YR2004,,
United Arab Emirates,ARE,2005,YR2005,,
United Arab Emirates,ARE,2006,YR2006,,
United Arab Emirates,ARE,2007,YR2007,,
United Arab Emirates,ARE,2008,YR2008,,
United Arab Emirates,ARE,2009,YR2009,,
United Arab Emirates,ARE,2010,YR2010,,
United Arab Emirates,ARE,2011,YR2011,,
United Arab Emirates,ARE,2012,YR2012,,
United Arab Emirates,ARE,2013,YR2013,,
United Arab Emirates,ARE,2014,YR2014,,10.6
United Arab Emirates,ARE,2015,YR2015,,11.7
United Arab Emirates,ARE,2016,YR2016,,12.2
United Arab Emirates,ARE,2017,YR2017,,12.3
United Arab Emirates,ARE,2018,YR2018,,11.0
United Arab Emirates,ARE,2019,YR2019,,10.9
United Kingdom,GBR,2004,YR2004,,
United Kingdom,GBR,2005,YR2005,,
United Kingdom,GBR,2006,YR2006,,
United Kingdom,GBR,2007,YR2007,,
United Kingdom,GBR,2008,YR2008,,
United Kingdom,GBR,2009,YR2009,,
United Kingdom,GBR,2010,YR2010,,
United Kingdom,GBR,2011,YR2011,,
United Kingdom,GBR,2012,YR2012,,
United Kingdom,GBR,2013,YR2013,,
United Kingdom,GBR,2014,YR2014,,15.0
United Kingdom,GBR,2015,YR2015,,15.6
United Kingdom,GBR,2016,YR2016,,15.5
United Kingdom,GBR,2017,YR2017,,16.1
United Kingdom,GBR,2018,YR2018,,17.2
United Kingdom,GBR,2019,YR2019,,17.7
United States,USA,2004,YR2004,,
United States,USA,2005,YR2005,,
United States,USA,2006,YR2006,,
United States,USA,2007,YR2007,,
United States,USA,2008,YR2008,,
United States,USA,2009,YR2009,,
United States,USA,2010,YR2010,,
United States,USA,2011,YR2011,,
United States,USA,2012,YR2012,,
United States,USA,2013,YR2013,,
United States,USA,2014,YR2014,,15.2
United States,USA,2015,YR2015,,15.3
United States,USA,2016,YR2016,,16.4
United States,USA,2017,YR2017,,16.6
United States,USA,2018,YR2018,,17.1
United States,USA,2019,YR2019,,18.1
Uruguay,URY,2004,YR2004,,
Uruguay,URY,2005,YR2005,,
Uruguay,URY,2006,YR2006,,
Uruguay,URY,2007,YR2007,,
Uruguay,URY,2008,YR2008,,
Uruguay,URY,2009,YR2009,,
Uruguay,URY,2010,YR2010,,
Uruguay,URY,2011,YR2011,,
Uruguay,URY,2012,YR2012,,
Uruguay,URY,2013,YR2013,,
Uruguay,URY,2014,YR2014,,21.0
Uruguay,URY,2015,YR2015,,19.4
Uruguay,URY,2016,YR2016,,18.9
Uruguay,URY,2017,YR2017,,17.6
Uruguay,URY,2018,YR2018,,16.9
Uruguay,URY,2019,YR2019,,16.7
Uzbekistan,UZB,2004,YR2004,,
Uzbekistan,UZB,2005,YR2005,,
Uzbekistan,UZB,2006,YR2006,,
Uzbekistan,UZB,2007,YR2007,,
Uzbekistan,UZB,2008,YR2008,,
Uzbekistan,UZB,2009,YR2009,,
Uzbekistan,UZB,2010,YR2010,,
Uzbekistan,UZB,2011,YR2011,,
Uzbekistan,UZB,2012,YR2012,,
Uzbekistan,UZB,2013,YR2013,,
Uzbekistan,UZB,2014,YR2014,,6.4
Uzbekistan,UZB,2015,YR2015,,6.2
Uzbekistan,UZB,2016,YR2016,,6.5
Uzbekistan,UZB,2017,YR2017,,6.8
Uzbekistan,UZB,2018,YR2018,,5.7
Uzbekistan,UZB,2019,YR2019,,5.2
Vanuatu,VUT,2004,YR2004,,
Vanuatu,VUT,2005,YR2005,,
Vanuatu,VUT,2006,YR2006,,
Vanuatu,VUT,2007,YR2007,,
Vanuatu,VUT,2008,YR2008,,
Vanuatu,VUT,2009,YR2009,,
Vanuatu,VUT,2010,YR2010,,
Vanuatu,VUT,2011,YR2011,,
Vanuatu,VUT,2012,YR2012,,
Vanuatu,VUT,2013,YR2013,,
Vanuatu,VUT,2014,YR2014,,49.7
Vanuatu,VUT,2015,YR2015,,41.1
Vanuatu,VUT,2016,YR2016,,33.8
Vanuatu,VUT,2017,YR2017,,35.1
Vanuatu,VUT,2018,YR2018,,43.6
Vanuatu,VUT,2019,YR2019,,38.2
"Venezuela, RB",VEN,2004,YR2004,,
"Venezuela, RB",VEN,2005,YR2005,,
"Venezuela, RB",VEN,2006,YR2006,,
"Venezuela, RB",VEN,2007,YR2007,,
"Venezuela, RB",VEN,2008,YR2008,,
"Venezuela, RB",VEN,2009,YR2009,,
"Venezuela, RB",VEN,2010,YR2010,,
"Venezuela, RB",VEN,2011,YR2011,,
"Venezuela, RB",VEN,2012,YR2012,,
"Venezuela, RB",VEN,2013,YR2013,,
"Venezuela, RB",VEN,2014,YR2014,,954.7
"Venezuela, RB",VEN,2015,YR2015,,820.7
"Venezuela, RB",VEN,2016,YR2016,,1038.0
"Venezuela, RB",VEN,2017,YR2017,,704.6
"Venezuela, RB",VEN,2018,YR2018,,653.9
"Venezuela, RB",VEN,2019,YR2019,,123.8
Vietnam,VNM,2004,YR2004,,
Vietnam,VNM,2005,YR2005,,
Vietnam,VNM,2006,YR2006,,
Vietnam,VNM,2007,YR2007,,
Vietnam,VNM,2008,YR2008,,
Vietnam,VNM,2009,YR2009,,
Vietnam,VNM,2010,YR2010,,
Vietnam,VNM,2011,YR2011,,
Vietnam,VNM,2012,YR2012,,
Vietnam,VNM,2013,YR2013,,
Vietnam,VNM,2014,YR2014,,12.0
Vietnam,VNM,2015,YR2015,,11.6
Vietnam,VNM,2016,YR2016,,11.6
Vietnam,VNM,2017,YR2017,,12.0
Vietnam,VNM,2018,YR2018,,12.3
Vietnam,VNM,2019,YR2019,,12.5
West Bank and Gaza,PSE,2004,YR2004,,
West Bank and Gaza,PSE,2005,YR2005,,
West Bank and Gaza,PSE,2006,YR2006,,
West Bank and Gaza,PSE,2007,YR2007,,
West Bank and Gaza,PSE,2008,YR2008,,
West Bank and Gaza,PSE,2009,YR2009,,
West Bank and Gaza,PSE,2010,YR2010,,
West Bank and Gaza,PSE,2011,YR2011,,
West Bank and Gaza,PSE,2012,YR2012,,
West Bank and Gaza,PSE,2013,YR2013,,
West Bank and Gaza,PSE,2014,YR2014,,18.2
West Bank and Gaza,PSE,2015,YR2015,,16.0
West Bank and Gaza,PSE,2016,YR2016,,15.8
West Bank and Gaza,PSE,2017,YR2017,,15.7
West Bank and Gaza,PSE,2018,YR2018,,17.1
West Bank and Gaza,PSE,2019,YR2019,,17.6
"Yemen, Rep.",YEM,2004,YR2004,,
"Yemen, Rep.",YEM,2005,YR2005,,
"Yemen, Rep.",YEM,2006,YR2006,,
"Yemen, Rep.",YEM,2007,YR2007,,
"Yemen, Rep.",YEM,2008,YR2008,,
"Yemen, Rep.",YEM,2009,YR2009,,
"Yemen, Rep.",YEM,2010,YR2010,,
"Yemen, Rep.",YEM,2011,YR2011,,
"Yemen, Rep.",YEM,2012,YR2012,,
"Yemen, Rep.",YEM,2013,YR2013,,
"Yemen, Rep.",YEM,2014,YR2014,,9.6
"Yemen, Rep.",YEM,2015,YR2015,,
"Yemen, Rep.",YEM,2016,YR2016,,
"Yemen, Rep.",YEM,2017,YR2017,,
"Yemen, Rep.",YEM,2018,YR2018,,
"Yemen, Rep.",YEM,2019,YR2019,,
Zambia,ZMB,2004,YR2004,,
Zambia,ZMB,2005,YR2005,,
Zambia,ZMB,2006,YR2006,,
Zambia,ZMB,2007,YR2007,,
Zambia,ZMB,2008,YR2008,,
Zambia,ZMB,2009,YR2009,,
Zambia,ZMB,2010,YR2010,,
Zambia,ZMB,2011,YR2011,,
Zambia,ZMB,2012,YR2012,,
Zambia,ZMB,2013,YR2013,,
Zambia,ZMB,2014,YR2014,,4.5
Zambia,ZMB,2015,YR2015,,4.8
Zambia,ZMB,2016,YR2016,,3.8
Zambia,ZMB,2017,YR2017,,4.7
Zambia,ZMB,2018,YR2018,,4.7
Zambia,ZMB,2019,YR2019,,4.6
Zimbabwe,ZWE,2004,YR2004,,
Zimbabwe,ZWE,2005,YR2005,,
Zimbabwe,ZWE,2006,YR2006,,
Zimbabwe,ZWE,2007,YR2007,,
Zimbabwe,ZWE,2008,YR2008,,
Zimbabwe,ZWE,2009,YR2009,,
Zimbabwe,ZWE,2010,YR2010,,
Zimbabwe,ZWE,2011,YR2011,,
Zimbabwe,ZWE,2012,YR2012,,
Zimbabwe,ZWE,2013,YR2013,,
Zimbabwe,ZWE,2014,YR2014,,12.5
Zimbabwe,ZWE,2015,YR2015,,10.5
Zimbabwe,ZWE,2016,YR2016,,12.5
Zimbabwe,ZWE,2017,YR2017,,12.1
Zimbabwe,ZWE,2018,YR2018,,11.9
Zimbabwe,ZWE,2019,YR2019,,12.4
,,,,,
,,,,,
,,,,,
Data from database: Doing Business,,,,,
Last Updated: 08/18/2021,,,,,
Code,Indicator Name,Long definition,Source,Topic,Periodicity,Reference period,Statistical concept and methodology,Development relevance,Limitations and exceptions
IC.ELC.PRI.KH.DB1619,Price of electricity (US cents per kWh) (DB16-20 methodology),"The price of electricity is measured in U.S. cents per kWh. A monthly electricity consumption is assumed, for which a bill is then computed for a warehouse based in the largest business city of the economy for the month of March. The bill is then expressed back as a unit of kWh. The index is computed based on the methodology in the DB16-20 studies.","World Bank Group, Doing Business project (http://www.doingbusiness.org/).",Getting electricity,Annual,Data are presented for the survey year instead of publication year.,"Data are collected by the World Bank Group with a standardized questionnaire that uses a simple business case to ensure comparability across economies and over timewith assumptions about the legal form of the business, its size, its location and nature of its operation. Questionnaires are administered to more than 13,800 local experts, including lawyers, business consultants, accountants, freight forwarders, government officials and other professionals routinely administering or advising on legal and regulatory requirements.

The Doing Business data are based on a detailed reading of domestic laws, regulations and administrative requirements as well as their implementation in practice as experienced by private firms. The report covers 190 economiesincluding some of the smallest and poorest economies, for which little or no data are available from other sources. The data are collected through several rounds of communication with expert respondents (both private sector practitioners and government officials), through responses to questionnaires, conference calls, written correspondence and visits by the team. Doing Business relies on four main sources of information: the relevant laws and regulations, Doing Business respondents, the governments of the economies covered and the World Bank Group regional staff.","Infrastructure services are a major concern for businesses around the world. Getting electricity services in particular is known to be a substantial obstacle to entrepreneurial activity. Power outages can  severely hamper business activity as well as the economy as a whole. For example, power outages can lead to sale losses and decreases in productivity. Research also shows that capital tends to go to economies that can offer a reliable and competitively priced supply of electricity. That is why, by providing insight into the complex regulatory environment concerning electricity connections and measuring how regulations and institutions affect a firm's ability to get a new connection, Doing Business can thus help identify bottlenecks and prompt policy makers to introduce more conducive regulations.","The Doing Business methodology has five limitations that should be considered when interpreting the data. First, for most economies the collected data refer to businesses in the largest business city and may not be representative of regulation in other parts of the economy. Second, the data often focus on a specific business formgenerally a limited liability company (or its legal equivalent) of a specified sizeand may not be representative of the regulation on other businesses. Third, transactions described in a standardized case scenario refer to a specific set of issues and may not represent the full set of issues that a business encounters. Fourth, the measures of time involve an element of judgment by the expert respondents. When sources indicate different estimates, the time indicators reported in Doing Business represent the median values of several responses given under the assumptions of the standardized case. Finally, the methodology assumes that a business has full information on what is required and does not waste time when completing procedures. In practice, completing a procedure may take longer if the business lacks information or is unable to follow up promptly. Alternatively, the business may choose to disregard some burdensome procedures. For both reasons the time delays reported in Doing Business would differ from the recollection of entrepreneurs reported in the World Bank Group Enterprise questionnaires or other firm-level questionnaires."
